S01900006D746B33627370325F72613870315F656B2E73726563DB
S3150200000060040022F5350002ED33000205360002D7
S3150200001005360002053600020536000205360002E4
S31502000020000000000000000000000000053600028B
S315020000300536000200000000053600020536000201
S31502000040F924000291250002CD25000209260002AC
S3150200005095260002C1220002DD23000221270002AA
S315020000605D270002BD270002ED2700021D280002BF
S315020000704D2800027D2800020F13000243130002DE
S30D0200008077130002AB13000224
S315020000880000000008000000000000000000000058
S315020000980800000000000000000000000103000044
S315020000A8998F00020A000000000400000000000008
S315020000B80000000001030000D58F00020A000000BC
S315020000C80004000000000000000000000103000018
S315020000D8119000020A00000000040000000000005F
S315020000E80348044B834202D0034B03B118477047B7
S315020000F8600000226000002200000000064B07494B
S31502000108C91A891048BF0131491003D0044B0BB1F3
S3150200011801481847704700BF6000002260000022AD
S315020001280000000010B5064C237843B9FFF7D8FF44
S31502000138044B13B10448AFF300800123237010BDAA
S31502000148682800220000000028F1C90208B5054BFC
S315020001581BB105490548AFF30080BDE80840FFF723
S31502000168CDBF00BF000000006C28002228F1C9029A
S3150200017880B500AF04F09AFD00BF80BD80B582B09D
S3150200018800AF0346FB71FB79022B03D103490448EE
S3150200019800F074F800BF0837BD4680BD60980002BB
S315020001A88428002280B500AFFFF7E2FF0023184635
S315020001B880BD000080B485B000AF0023FB60EFF37A
S315020001C810837B607B68FB600123BB60BB6883F39B
S315020001D8108800BF0D4B1B68002B05D10C4B002263
S315020001E81A750B4B40221A75084B1B680133074ACE
S315020001F81360FB683B603B6883F3108800BF00BF4F
S315020002081437BD465DF8047B704700BF48290022B3
S31502000218000D404080B485B000AF0023FB60EFF3C9
S3150200022810837B607B68FB600123BB60BB6883F33A
S31502000238108800BF0F4B1B68002B04D00D4B1B68A0
S31502000248013B0C4A13600B4B1B68002B05D10A4B6A
S3150200025800221A75084B80221A75FB683B603B68B8
S3150200026883F3108800BF00BF1437BD465DF8047BD0
S31502000278704700BF48290022000D404080B584B06F
S3150200028800AF786039607B68FB60FB68044A1A60D5
S31502000298386800F007F8002318461037BD4680BDB7
S315020002A854524F5080B584B000AF7860786800F039
S315020002B861F87B68BB60FFF77DFF0023FB8111E0D5
S315020002C8BB685A68FB89DB0013449888BB685A687E
S315020002D8FB89DB0013441B68194600F00FF8FB89FB
S315020002E80133FB81BB681B88FA899A42E8D3FFF778
S315020002F891FF00BF1037BD4680BD000080B483B0B1
S3150200030800AF03463960FB803B6803F48033002B59
S315020003181CD01749FB881B0A9BB21A46FB88DBB21C
S3150200032812011A4451F8223023F4803341F822305C
S315020003380F48FB881B0A9BB21946FB88DBB23A6850
S3150200034822F4803209010B4440F823200849FB882D
S315020003581B0A9BB21A46FB88DBB2120113443A689F
S3150200036841F8232000BF0C37BD465DF8047B704771
S315020003780008404080B588B000AF7860594B7B6171
S31502000388594B3B610023FB619FE00023BB6195E06B
S315020003987B685A68FB69DB0013449A885349BB6930
S315020003A831F813309A4240F086807B685A68FB69B6
S315020003B8DB0013441B6803F0F853FB60FB68B3F1D8
S315020003C8807F03D0FB68B3F1106F39D17B6993F84C
S315020003D84C3CDAB20121BB6901FA03F3DBB21340E2
S315020003E8DBB2002B13D1012003F0B8F87B6993F82E
S315020003F84C3CDAB20121BB6901FA03F3DBB21343BF
S31502000408DAB27B6983F84C2C012003F057F83B6972
S31502000418BA69203213F81230C3F3C013DBB2002BC9
S3150200042849D13A69BB6903F1200112F8113043F048
S31502000438800302F811300121C82002F0F1FE3AE0E9
S315020004487B6993F84C3CDAB20121BB6901FA03F3E2
S31502000458DBB21340DBB2002B15D0012003F07EF885
S315020004687B6993F84C3CDAB20121BB6901FA03F3C2
S31502000478DBB2DB43DBB21340DAB27B6983F84C2C7E
S31502000488012003F01BF83B69BA69203213F81230CF
S31502000498C3F3C013DBB2002B0DD03A69BB6903F173
S315020004A8200112F8113023F0800302F811300121DD
S315020004B8C82002F0B5FEBB690133BB61BB69022BDA
S315020004C87FF666AFFB690133FB617B681B881A46B8
S315020004D8FB699342FFF459AF00BF00BF2037BD4600
S315020004E880BD00BF00E00140002020409098000235
S315020004F880B483B000AF0346FB7197F90730002B2F
S315020005080BDBFB7903F01F02074997F907305B09F2
S31502000518012000FA02F241F8232000BF0C37BD463B
S315020005285DF8047B704700BF00E100E080B483B049
S3150200053800AF0346FB7197F90730002B0CDBFB79FA
S3150200054803F01F02074997F907305B09012000FAF1
S3150200055802F2603341F8232000BF0C37BD465DF82E
S31502000568047B704700E100E080B483B000AF034625
S315020005783960FB7197F90730002B0ADB3B68DAB260
S315020005880C4997F907301201D2B20B4483F80023BB
S315020005980AE03B68DAB20849FB7903F00F03043B29
S315020005A81201D2B20B441A7600BF0C37BD465DF86B
S315020005B8047B704700E100E000ED00E080B483B000
S315020005C800AFEFF303837B607B683B603B88C3F332
S315020005D808039BB2DBB2103BDBB25BB218460C37A0
S315020005E8BD465DF8047B704780B483B000AF03460E
S315020005F83960FB7197F9073004493A6841F82320B4
S3150200060800BF0C37BD465DF8047B70474C290022B3
S3150200061880B483B000AF0346FB7197F90730044AEA
S3150200062852F8233018460C37BD465DF8047B7047EE
S315020006384C29002280B483B000AF0346FB710C49F3
S3150200064897F9073003F5C65251F8223023F480335E
S3150200065841F82230064A97F9073003F5C65352F88D
S31502000668233000BF0C37BD465DF8047B704700BFD8
S315020006780060004080B584B000AF0346FB7197F96D
S3150200068807301846FFF7D6FFBFF35F8F00BF97F90B
S315020006980730FB60FB6803F01F02074997F907302A
S315020006A85B09012000FA02F2603341F8232000BFF9
S315020006B81037BD4680BD00BF00E100E080B584B0BA
S315020006C800AF0346B9607A60FB7397F90F30B968D1
S315020006D81846FFF749FF97F90F3079681846FFF76A
S315020006E883FF00BF1037BD4680BD000080B485B0C9
S315020006F800AF0346FB7197F90730FB60FB6803F00E
S315020007081F020749FB685B09012000FA02F241F859
S31502000718232000BF1437BD465DF8047B704700BF2F
S3150200072800E100E080B582B000AF0346FB7197F99D
S3150200073807301846FFF79EFF97F907301846FFF766
S31502000748D5FF00BF0837BD4680BD000080B485B01E
S3150200075800AF0346FB7197F90730FB60FB6803F0AD
S315020007681F020B4997F907305B09012000FA02F2CA
S31502000778203341F82320BFF34F8F00BFBFF36F8F9B
S3150200078800BF00BF1437BD465DF8047B704700BF43
S3150200079800E100E080B584B000AF0346B9607A6034
S315020007A8FB7397F90F307A68B9681846FFF786FF20
S315020007B897F90F301846FFF7B5FF00BF1037BD4649
S315020007C880BD000080B588B000AF786039607B686C
S315020007D8FB613B681B781A46344B13441B021A46C4
S315020007E8FB691A61FB693A681A603B689A68FB6991
S315020007F85A603B681A7BFB691A723B68DA69FB69BD
S315020008085A633B681A6AFB69DA63FB6900229A63D0
S31502000818FB6900225A61FB6900229A61FB69002280
S31502000828DA61FB6900221A62FB69002283F8292031
S31502000838FB69002283F82A20FB69002283F82B2011
S31502000848FB69002283F82C200023BB61EFF3108397
S31502000858FB60FB68BB6101233B613B6983F310883C
S3150200086800BF134B5A683B681B78C3F10903012181
S3150200087801FA03F3DB430E4913404B600C4B5B68EA
S3150200088801211E2002F0CCFCBB697B617B6983F3E4
S31502000898108800BF3968F86900F00CF9FB69054A47
S315020008A8DA60002318462037BD4680BDE0254000A1
S315020008B8003020404349495280B586B000AFF860FF
S315020008C8B9607A60FB7000237B61FB68FA7883F86B
S315020008D82A2001237A68B968F86800F04DF8786129
S315020008E87B6918461837BD4680BD80B584B000AF0F
S315020008F8F860B9607A60FB70FB68FA7883F82A2098
S3150200090800237A68B968F86800F036F8034618468C
S315020009181037BD4680BD80B487B000AFF860B960B5
S315020009281346FB71FB687B6100233B617B69BA68EE
S315020009385A607B69FA791A723B6918461C37BD46B2
S315020009485DF8047B704780B487B000AFF860B96081
S315020009587A603B60FB687B617B69BA685A637B692C
S315020009687A68DA637B693A689A63002318461C3701
S31502000978BD465DF8047B704780B586B000AFF86067
S31502000988B9607A60FB70FB687B617B69BA685A61F9
S315020009987B697A689A617B691B7A012B12D17B691A
S315020009A8002283F825207B695B68DBB25B00DAB23A
S315020009B8FB781343DAB27B6983F824207B69012228
S315020009C883F82620FB78002B14BF01230023DAB212
S315020009D87B6983F82920786900F0FEF803461846F1
S315020009E81837BD4680BD80B586B000AF78600B4625
S315020009F8FB707B689B6B7B617B69002B03D107F1DC
S31502000A080C037B6106E07A6907F10C0392E803009E
S31502000A1883E803007B68DA6B7B691A607B69FA787C
S31502000A281A717B685B6B786998477B689B6B002BAE
S31502000A3808D07B689B6B1A4607F10C0393E8030000
S31502000A4882E803007B68002283F82B2000BF183750
S31502000A58BD4680BD80B582B000AF78600B46FB709C
S31502000A68FB78002B09D07B681B690022DA717B6848
S31502000A781B681946786800F01DF87B680022DA615F
S31502000A887B6893F826207B6883F828207B689A6916
S31502000A987B681A627B68002283F82C207B68002216
S31502000AA883F82A207B681B69B322DA7100BF0837EC
S31502000AB8BD4680BD80B582B000AF786039607B687C
S31502000AC81B6900221A707B681B6940221A707B68B0
S31502000AD81B691B78C3F38013DBB2012BF7D17B6842
S31502000AE81B69C0221A707B681B685B6A1A797B6865
S31502000AF81B6962F01F02D2B21A747B681B685B6AB2
S31502000B08DA787B681B6962F01F02D2B25A747B6874
S31502000B181B685B6A9B781B01DBB203F07003DAB2CF
S31502000B287B681B6942F00802D2B29A707B681B681E
S31502000B385B6A1B78012B01D1052100E004217B6841
S31502000B481B685B6A5B785B00DAB27B681B690A43DF
S31502000B58D2B2DA707B681B685B681E4A934201D17F
S31502000B68F72200E077227B681B695A717B681B694A
S31502000B7800229A717B681B69B322DA713B6893F982
S31502000B8811003B685B7B7A681946FFF703FE3B68F0
S31502000B9893F90F003B685B7B7A681946FFF7FAFD03
S31502000BA83B6893F910003B685B7B7A681946FFF746
S31502000BB8F1FD3B6893F90E003B685B7B7A68194640
S31502000BC8FFF7E8FD7B681B699F221A7000BF08378A
S31502000BD8BD4680BD40420F0080B588B000AF786040
S31502000BE8664B1B6AFB60FB6803F00F23FB60FB681E
S31502000BF81B0A03F00F03BB61FB681B0E7B617B6854
S31502000C081B691B7CDBB21946BA697B69D31A01FADE
S31502000C1803F39B08FB617B6893F82C30DBB283F005
S31502000C280103DBB2002B17D00AE07B681B695B78ED
S31502000C38C3F3C013DBB2002B05D0FB69013BFB6192
S31502000C48FB69002BF1D1FB69002B01D1082390E047
S31502000C587B681B690022DA717B68002283F82820E8
S31502000C687B6800221A627B689A697B68DA617B680C
S31502000C7893F826207B6883F827207B68002283F86E
S31502000C882B207B68002283F82D207B68002283F8BC
S31502000C982E207B68002283F82F207B68002283F8A7
S31502000CA830207B681B685B6A3B613B691B78012BBA
S31502000CB801D1052200E004223B695B785B00DBB2C6
S31502000CC81343DAB23B695B791B01DBB21343D9B230
S31502000CD83B699B79DB01DAB27B681B690A43D2B2AC
S31502000CE8DA707B681A69137943F0100313717B680B
S31502000CF81A69137923F0080313717B681A69137941
S31502000D0823F0100313717B681A693B69D979137941
S31502000D1861F3C71313717B681A69537943F00103A8
S31502000D2853717B681B695B7ADAB27B681B6922F0AE
S31502000D380C02D2B25A727B681B69BF22DA717B68CF
S31502000D481B6893F90F301846FFF7D2FB7B6893F8B6
S31502000D582C30DBB283F00103DBB2002B04D07B68B4
S31502000D681B6902225A7003E07B68002283F82C2052
S31502000D78002318462037BD4680BD00BF00E001406B
S31502000D8880B584B000AF78607B6893F82D30DBB20B
S31502000D9883F00103DBB2002B34D07B689B69022BFC
S31502000DA805D87B681A69137943F0400313717B6887
S31502000DB8DB69012B11D17B681A69137943F0100399
S31502000DC813717B681A69137943F0080313717B68F8
S31502000DD81A69137923F0100313717B681B685B6A1F
S31502000DE8DB79002B03D005217868FFF7FCFD7B68C9
S31502000DF81B69DB7CDBB2FB73FB7B7B68012283F816
S31502000E082D2010E07B68DB69002B0CD07B681B6801
S31502000E185B6ADB79002B03D005217868FFF7E3FDCF
S31502000E28786800F0ACF900BF1037BD4680BD80B5C2
S31502000E3884B000AF7860C023FB607B6893F82730E4
S31502000E48002B03D0786800F028FA63E07B6893F8F1
S31502000E582930DBB283F00103DBB2002B5AD07B6860
S31502000E681B685B6ADB79002B10D07B6893F82B3002
S31502000E78DBB283F00103DBB2002B07D07B681B6A67
S31502000E88002B03D005217868FFF7ADFD7B68DB6987
S31502000E98002B12D07B685A697B681B6A1A447B68E6
S31502000EA81B6912789A747B681B6A5A1C7B681A62D9
S31502000EB87B68DB695A1E7B68DA617B68DB69002B13
S31502000EC828D17B681A69D37923F08003D3710AE0A3
S31502000ED87B681B69DB79C3F3C013DBB2002B05D031
S31502000EE8FB68013BFB60FB68002BF1D17B681B6842
S31502000EF893F910301846FFF79DFB7B681B6893F938
S31502000F0810301846FFF712FB7B681A69D37943F04B
S31502000F184003D37100BF1037BD4680BD80B584B08B
S31502000F2800AF7860C023FB607B681B685B6ADB796D
S31502000F38002B03D005217868FFF755FD7B6893F8E7
S31502000F482930DBB2002B0DD07B6893F82730012BB2
S31502000F5808D17B6893F83030DBB283F00103DBB249
S31502000F68002B33D17B68DB69002B2FD17B6893F882
S31502000F782A30DBB2002B1BD07B681B6893F90F3033
S31502000F881846FFF7E3FB7B681A69D37943F08003B7
S31502000F98D3717B681B6904225A707B681A69537974
S31502000FA823F0010353717B68012283F82C200DE09C
S31502000FB87B681B695B7ADAB27B681B6922F00802D6
S31502000FC8D2B25A727B681B6908225A707B681A6900
S31502000FD8D37923F04003D3710AE07B681B69DB7976
S31502000FE8C3F38013DBB2002B06D0FB68013BFB6020
S31502000FF8FB68002BF1D100BF00BF1037BD4680BD8C
S3150200100880B584B000AF78607B681B695B7ADBB217
S3150200101803F01F03BB737B681B695B7ADAB27B68D2
S315020010281B6922F01F02D2B25A72BB7B03F003037A
S31502001038BA7B02F01002002A09D07A68126952783D
S31502001048C2F38012D2B2012A01D0012200E00022A4
S315020010581343002B0CD07B68012283F82B20012135
S315020010687868FFF7F7FC01217868FFF7BCFC82E095
S31502001078BB7B03F01003002B30D07B681B695B78BF
S31502001088C3F38013DBB2012B28D17B68012283F8D4
S315020010982B207B681B6908225A707B681B685B6A6F
S315020010A81A787B681B685B6A5B791B01DBB21343A0
S315020010B8DAB27B681B685B6A9B79DB01DBB2134396
S315020010C8DAB27B681B6942F00202D2B2DA707B6836
S315020010D81A69537943F0010353714CE0BB7B03F061
S315020010E80803002B0AD17B6893F82C30DBB2002B5D
S315020010F831D0BB7B03F00403002B2CD00123FB73F6
S315020011087B68DB69002B17D17B6893F82B30DBB23F
S3150200111883F00103DBB2002B0ED07B6893F82930EB
S31502001128DBB2002B01D0022300E00323FB737B68AA
S315020011381B69B322DA7108E0BB7B03F00803002BB4
S3150200114803D000217868FFF785FCFB7B194678688F
S31502001158FFF749FC0FE0BB7B03F00403002B0AD020
S315020011687B681B685B6ADB79002B04D004217868EC
S31502001178FFF739FCFFE700BF1037BD4680BD80B5D3
S3150200118882B000AF78607B68DB69032B06D17B6887
S315020011981A69137943F0400313715CE07B68DB69D3
S315020011A8022B12D17B681A69137943F01003137163
S315020011B87B681A69137943F0080313717B681A6905
S315020011C8137923F01003137145E07B68DB69012B61
S315020011D841D17B6893F82A30DBB2002B2DD07B688D
S315020011E81B6893F90F301846FFF7B0FA7B681A693D
S315020011F8D37943F08003D3717B681A69137943F074
S31502001208100313717B681A69137923F008031371A3
S315020012187B681A69137923F0100313717B681B69BB
S3150200122804225A707B681A69537923F001035371B1
S315020012387B68012283F82C200DE07B681B695B7AA8
S31502001248DAB27B681B6922F00802D2B25A727B684C
S315020012581B6908225A707B681A697B6859697B6818
S315020012681B6A0B44D27CD2B21A707B681B6A5A1C60
S315020012787B681A627B68DB695A1E7B68DA617B685F
S31502001288DB69002B05D17B681A69137923F04003C1
S31502001298137100BF0837BD4680BD80B485B000AF64
S315020012A878607B6893F82630032B0DD17B6893F818
S315020012B82830022B08D17B6893F83030DBB283F0F2
S315020012C80103DBB2002B18D17B6893F82430FB7339
S315020012D87B681B69FA7B9A747B6893F8283001331A
S315020012E8DAB27B6883F828207B6893F82730013BBB
S315020012F8DAB27B6883F8272000BF00BF1437BD46E1
S315020013085DF8047B704780B582B000AFFFF756F9E7
S3150200131803461846FFF78EF9FFF750F90346FB71A5
S3150200132897F907301846FFF773F938603868FFF7F8
S3150200133827FD00BF0837BD4680BD80B582B000AF25
S31502001348FFF73CF903461846FFF774F9FFF736F933
S315020013580346FB7197F907301846FFF759F93860C3
S315020013683868FFF764FD00BF0837BD4680BD80B503
S3150200137882B000AFFFF722F90346FB7197F90730EF
S315020013881846FFF745F938603868FFF7C7FDFFF7D3
S3150200139815F903461846FFF74DF900BF0837BD464B
S315020013A880BD80B582B000AFFFF708F90346FB712E
S315020013B897F907301846FFF72BF938603868FFF7B0
S315020013C81FFEFFF7FBF803461846FFF733F900BF7F
S315020013D80837BD4680BD000080B483B000AF03461F
S315020013E83960FB7197F90730002B0ADB3B68DAB2E2
S315020013F80C4997F907301201D2B20B4483F800233D
S315020014080AE03B68DAB20849FB7903F00F03043BAA
S315020014181201D2B20B441A7600BF0C37BD465DF8EC
S31502001428047B704700E100E000ED00E080B483B081
S3150200143800AFEFF303837B607B683B603B88C3F3B3
S3150200144808039BB2DBB2103BDBB25BB218460C3721
S31502001458BD465DF8047B704780B483B000AF03468F
S315020014683960FB7197F9073004493A6841F8232035
S3150200147800BF0C37BD465DF8047B70474C29002235
S3150200148880B483B000AF0346FB7197F90730044A6C
S3150200149852F8233018460C37BD465DF8047B704770
S315020014A84C29002280B483B000AF0346FB710C4975
S315020014B897F9073003F5C65251F8223023F48033E0
S315020014C841F82230064A97F9073003F5C65352F80F
S315020014D8233000BF0C37BD465DF8047B704700BF5A
S315020014E80060004080B584B000AF0346FB7197F9EF
S315020014F807301846FFF7D6FFBFF35F8F00BF97F98D
S315020015080730FB60FB6803F01F02074997F90730AB
S315020015185B09012000FA02F2603341F8232000BF7A
S315020015281037BD4680BD00BF00E100E080B584B03B
S3150200153800AF0346B9607A60FB7397F90F30B96852
S315020015481846FFF749FF97F90F3079681846FFF7EB
S3150200155883FF00BF1037BD4680BD000080B485B04A
S3150200156800AF0346FB7197F90730FB60FB6803F08F
S315020015781F020749FB685B09012000FA02F241F8DB
S31502001588232000BF1437BD465DF8047B704700BFB1
S3150200159800E100E080B582B000AF0346FB7197F91F
S315020015A807301846FFF79EFF97F907301846FFF7E8
S315020015B8D5FF00BF0837BD4680BD000080B485B0A0
S315020015C800AF0346FB7197F90730FB60FB6803F02F
S315020015D81F020B4997F907305B09012000FA02F24C
S315020015E8203341F82320BFF34F8F00BFBFF36F8F1D
S315020015F800BF00BF1437BD465DF8047B704700BFC5
S3150200160800E100E080B584B000AF0346B9607A60B5
S31502001618FB7397F90F307A68B9681846FFF786FFA1
S3150200162897F90F301846FFF7B5FF00BF1037BD46CA
S3150200163880BD000080B58EB000AF786039607B68E7
S31502001648FB6200237B63FB6A3A681A613B68DA68C5
S31502001658FB6A5A613B681A69FB6ADA61FB6A00220D
S315020016689A61FB6A00221A70FB6A1B695B69BB6294
S3150200167800237B62EFF310837B617B697B62012324
S31502001688BB61BB6983F3108800BFA34BDB68A24A20
S3150200169823F40013D360A04BDB6801211E2001F05E
S315020016A8BFFD7B6AFB61FB6983F3108800BFBB6AD7
S315020016B81B7F03F00303DBB2012B1ED100233B621F
S315020016C8EFF31083BB60BB683B620123FB60FB68D8
S315020016D883F3108800BF904B1B698F4A23F000439F
S315020016E813618D4B1B6901211E2001F099FD3B6A8E
S315020016F83B613B6983F3108800BF884ABB6A1B6A51
S31502001708D360864B00221A60844B5B68002BFBD1A0
S31502001718824ABB6ADB699360804B01221A607F4B5F
S315020017285B68012BFBD17D4ABB6A5B6A13640023A3
S3150200173887F833302CE097F83330BA6A134493F8B3
S315020017482430C3F38103DBB2002B1CD197F8333064
S31502001758DB00072202FA03F37A6B13437B6397F8DB
S315020017683330BA6A134493F82430C3F30103DBB265
S31502001778012B08D197F83330DB00082202FA03F36B
S315020017887A6B13437B6397F83330013387F8333028
S3150200179897F83330012BCED9604A7B6B53645F4A84
S315020017A8BB6AD3F89C30C2F86032BB6A93F89030B1
S315020017B85A4A03F00703C2F88032BB6A93F890309C
S315020017C81B11564A03F00703C2F88C32534ABB6A06
S315020017D8D3F89430C2F88832504ABB6AD3F89830A4
S315020017E8C2F894324D4ABB6A5B69C2F840334B4A27
S315020017F8BB6A9B69C2F84433484ABB6A5B6EC2F845
S315020018086432464ABB6A9B6EC2F8B032002387F836
S3150200181832302AE097F83220BB6A283253F822106F
S3150200182897F832309A003E4B13440A461A6097F8E4
S31502001838321097F832309A003A4B1344BA6A30316A
S3150200184852F821201A6097F8323097F83220910020
S31502001858354A0A44B96A38339B000B445B681360FD
S3150200186897F83230013387F8323097F83230072B3F
S31502001878D0D92A4ABB6AD3F8E030C2F8A033274B3C
S315020018880022C3F80024254B0022C3F80424234B64
S315020018980022C3F80824214B0022C3F80C24BB6A91
S315020018A81A8F1E4BC3F8C024BB6A5A8F1B4BC3F848
S315020018B8C4241A4ABB6ADB6BC2F8C834174ABB6A25
S315020018C81B6CC2F8CC34154ABB6A5B6CC2F8D034BE
S315020018D8124ABB6A9B6CC2F8D434104ABB6ADB6CE8
S315020018E8C2F8D8340D4B40F2FF12C3F8F02CF86A4E
S315020018F800F02FFC094B4FF440329A62074B032241
S315020019081A62064B03225A62FB6A084A5A62002383
S3150200191818463837BD4680BD003020400080334027
S315020019286083334080833340A48333404843444131
S3150200193880B592B000AF786039603B68BB637B685C
S315020019487B6300237B6400233B647B6B1B695B69B7
S315020019583B637B6B00221A70002387F83F300BE04B
S3150200196897F83F301A01A54B134400221A6097F8DC
S315020019783F30013387F83F3097F83F30202BEFD9B5
S315020019889F4A3B6BDB6AD3649D4A3B6B1B6B1365B1
S315020019989B4A3B6B5B6B5365994A3B6B1B6DC2F863
S315020019A8C031974A3B6B5B6DC2F8C431944A3B6BB4
S315020019B89B6DC2F8C831924A3B6BDB6DC2F8CC31DB
S315020019C88F4A3B6B1B6EC2F8D031002387F83E3034
S315020019D810E097F83E1097F83E309A00894B134468
S315020019E83A6B1C3152F821201A6097F83E300133BF
S315020019F887F83E3097F83E30072BEAD97B6B0022F0
S31502001A089A607B6B00225A60002387F83D3021E1F9
S31502001A18BB6B5A6897F83D309B0013441B68FB6200
S31502001A28FB6A1B781A46012393407B857B8D7A6C69
S31502001A3813437B64FB6A1B791A46FB6A1B7802FA14
S31502001A4803F31A463B6C13433B64FB6A5B79002B30
S31502001A5807D1FB6A9B79002B03D1FB6A9B68002B93
S31502001A6806D07B6B5A687B8D1A437B6B5A6005E0FE
S31502001A787B6B9A687B8D1A437B6B9A60FB6A5979F2
S31502001A88FB6A1B781A01604B13440A461A60FB6A02
S31502001A989979FB6A1B781A015C4B13440A461A6049
S31502001AA8FB6A1B781A015A4B1344FA6A92681A603F
S31502001AB8FB6A1B789A00574B1344FA6A12691A6032
S31502001AC8002387F83C30B9E0FB6A9A6997F83C30FC
S31502001AD89B0013441B687B627B6A1B7887F823305A
S31502001AE897F823301A01454B13447A6A52681A60EA
S31502001AF897F823301A01484B13447A6A92681A6097
S31502001B0897F823301A01454B13447A6AD2681A6049
S31502001B1897F823301A01424B13447A6A12691A60FB
S31502001B287B6A5B681B0A03F07F03FB61FB69642B14
S31502001B3803D0FB69652B5CD07BE03A4B1B78C3F379
S31502001B48C013DBB2002B73D10023BB61EFF3108302
S31502001B58FB60FB68BB6101233B613B6983F3108829
S31502001B6800BF314BDB68304A23F48003D3602E4B27
S31502001B78DB6801211E2001F053FBBB697B617B698F
S31502001B8883F3108800BF294B93F8DC3AC3F3C003EA
S31502001B98DBB2002B1ED1254B4AF22052A3F8FA23B8
S31502001BA8224A92F8E03A23F0010382F8E03A1F4A01
S31502001BB892F8DC3A43F0080382F8DC3A1B4A92F8B8
S31502001BC8E03A43F0010382F8E03A184B4FF4254213
S31502001BD8A3F8FA23134A137843F0800313700121FA
S31502001BE81E2001F01DFB0F4A137843F010031370F1
S31502001BF81EE0034B0122C3F820231AE00086334075
S31502001C080080334040823340C0803340C480334032
S31502001C18C880334000823340048633400886334006
S31502001C280C863340005023400030204000E001403B
S31502001C3800BF97F83C30013387F83C30FB6ADB7803
S31502001C4897F83C209A42FFF43FAF97F83D300133AC
S31502001C5887F83D30BB6B1B7897F83D209A42FFF414
S31502001C68D7AEB96B786B00F035F9074A7B6C93648B
S31502001C78054A3B6CD3657B6B044A1A6200231846F5
S31502001C884837BD4680BD00BF0080334048434441C3
S31502001C9880B487B000AFF860B9607A603B60FB68D1
S31502001CA87B617B69BA685A617B697A68DA617B69A2
S31502001CB83A689A61002318461C37BD465DF8047BCC
S31502001CC87047000080B485B000AF78607B68FB601F
S31502001CD8084AFB685B68C2F8083C064AFB689B68C8
S31502001CE8C2F8103C002318461437BD465DF8047B3B
S31502001CF8704700BF0080334080B584B000AF78607B
S31502001D087B68FB60F86800F0CDF9002318461037A7
S31502001D18BD4680BD80B489B000AFF8600B467A60D4
S31502001D28FB724FF00043FB61FB7A162B06D8FB7A4F
S31502001D389A00134B13441B68FB6106E0FB7A603B6F
S31502001D489A00104B13441B68FB61FB6903F00043BE
S31502001D58002B14BF01230023FB76FB699AB27B682A
S31502001D681A80FB7E002B01D0252300E000237B612D
S31502001D787B6918462437BD465DF8047B704700BF69
S31502001D8800A0334080A1334080B58CB000AF7860A4
S31502001D987B68FB62F86A00F085F9FB6A00225A62E0
S31502001DA8FB6A00221A62FB6A00225A60FB6A002258
S31502001DB89A602D4B0022C3F82023F86A00F09EF998
S31502001DC82A4B1B78C3F3C013DBB2002B28D0274A51
S31502001DD8137823F010031370244A137823F0800330
S31502001DE813700023BB62EFF31083BB61BB69BB624E
S31502001DF80123FB61FB6983F3108800BF1C4BDB6878
S31502001E081B4A43F48003D360194BDB6801211E2069
S31502001E1801F006FABB6A3B623B6A83F3108800BF8D
S31502001E2800237B62EFF31083FB60FB687B6201236E
S31502001E383B613B6983F3108800BF0D4BDB680C4A94
S31502001E4843F40013D3600A4BDB6801211E2001F01C
S31502001E58E7F97B6A7B617B6983F3108800BF0023FD
S31502001E6818463037BD4680BD0080334000502340B7
S31502001E780030204080B584B000AF786039607B6856
S31502001E88FB60FB6800221A70F86800F00BF90E4B2B
S31502001E980322C3F88C2C0C4B0322C3F8B42C0A4B2E
S31502001EA80A4AC3F8B82C084B094AC3F8C42CF8687E
S31502001EB800F082F8B860044ABB68C2F8003C002306
S31502001EC818461037BD4680BD00803340FFFF7F00AD
S31502001ED87303770080B48DB000AF786039607B6891
S31502001EE81B695B693B623B6A93F8223003F0010384
S31502001EF8DBB2002B0CBF01230023DBB23B733B6A28
S31502001F0893F8223003F00203DBB2002B0CBF012345
S31502001F180023DBB27B733B6A1B8CC3F30A039BB2B7
S31502001F28FB830023FB62002387F82B302FE03B68F4
S31502001F385A6897F82B309B0013441B68BB61BB6930
S31502001F485B7830333B4413F8243CFB7597F82B2017
S31502001F583B6A283233F812303B6100237B62FB7DF1
S31502001F68002B06D0FB8B5B001A463B6913447B6247
S31502001F7802E03B6904337B62FA6A7B6A9A4201D2BF
S31502001F887B6AFB6297F82B30013387F82B303B6864
S31502001F981B7897F82B209A4203D27B685B68002B42
S31502001FA8C5D1FB6A5A1C7B68DA6000BF3437BD4666
S31502001FB85DF8047B7047000080B584B000AF786096
S31502001FC80023FB607B681B78052B62D801A252F8B6
S31502001FD823F000BFF51F0002012000023B20000289
S31502001FE82D20000269200002692000027B68012276
S31502001FF81A700323FB604DE07B6803221A70284B94
S31502002008D3F8803203F00703002B06D00423FB60C3
S31502002018234B0722C3F880223CE07868FFF7CCFFFF
S31502002028F86037E07B6802221A704FF44073FB604F
S3150200203830E07B6804221A70194BD3F88C3203F00D
S315020020480703002B07D04FF48063FB60144B07226B
S31502002058C3F88C221EE07868FFF7AEFFF86019E035
S315020020687B681B695B69BB60BB6893F890300C4A56
S3150200207803F00703C2F88032BB6893F890301B114D
S31502002088074A03F00703C2F88C327B6805221A70E6
S3150200209800E000BFFB6818461037BD4680BD00BF8A
S315020020A80080334080B485B000AF7860124B0022BE
S315020020B8C3F8082C7B68DB68FB6005E00E4BD3F897
S315020020C8803CFB68013BFB60FB68002BF6D10A4BA0
S315020020D8D3F8803C002B09D0074B40F20112C3F813
S315020020E8602C054BD3F8803C002BFAD100BF14377D
S315020020F8BD465DF8047B70470080334080B588B0E2
S3150200210800AF78607B681B695B69BB61BB69DB6E84
S315020021187B617B691C333B617B693733FB603B69B7
S31502002128FB610DE0FB6993F90030002B05DBFB69C7
S3150200213893F900301846FFF741FAFB690133FB6150
S31502002148FA69FB689A42EDD900BF00BF2037BD463F
S3150200215880BD80B58AB000AF78607B681B695B6911
S31502002168FB61FB69DB6EBB61BB697B61BB691B33C8
S315020021783B61BB691C33FB607B697B62FB683B6224
S315020021880CE03B6A5A1C3A6293F900107B6A5A1CA5
S315020021987A621B781A46786800F009F87A6A3B6907
S315020021A89A42EED900BF00BF2837BD4680BD80B52A
S315020021B882B000AF78600B46FB701346BB7097F986
S315020021C80330002B06DBB97897F903307A6818468C
S315020021D8FFF718FA00BF0837BD4680BD80B58EB036
S315020021E800AFC7E900230346FB730B46BB81FFF723
S315020021F81DF9034687F8373097F937301846FFF73F
S315020022083FF938633B6B5B69002B16D0FB7BBB74CB
S31502002218FF233B76D7E90023C7E90823BB893B8519
S315020022283B6BDB697B6197F840309BB23B8207F1D7
S3150200223810031946386B00F006F897F93730184636
S315020022483837BD4680BDB0B58CB000AF786039600E
S315020022587B689B69FB62FB6A002B02D13B68FB62C7
S3150200226813E0FB6A07F108041D460FCD0FC495E873
S315020022780F0084E80F00FA6A3B6814461D460FCD24
S315020022880FC495E80F0084E80F007B685B69F86A5B
S3150200229898477B689B69002B0AD07B689B691D4619
S315020022A807F108040FCC0FC594E80F0085E80F0064
S315020022B800BF3037BD46B0BD2DE9B04F8EB002AF74
S315020022C8032187F82F104FF000004FF00001C7E9ED
S315020022D808013F49D1F8881CC1F30001C9B2002997
S315020022E805D097F82F1041F0060187F82F103849C4
S315020022F8D1F8A01CC1F30001C9B200292BD097F866
S315020023082F1041F0070187F82F103149D1F8A41C84
S31502002318B9612F49D1F8B01C7961796900208A46DA
S3150200232883464FF000004FF0000151460020C7E9EE
S315020023380201B96900200C460546D7E9020144EABA
S31502002348000245EA0103D7E9080140EA020841EA20
S315020023580309C7E90889FFF769F80346FB7197F984
S3150200236807301846FFF78CF838603868FFF724FEFE
S31502002378F86197F82F3003F0FC03002B04D03B6872
S3150200238806221A700023FB613B681B78042B08D9C6
S3150200239897F82F00FF230093D7E908230021FFF7B8
S315020023A81DFF0B4B0122C3F89C2C97F907301846E0
S315020023B8FFF778F8064BD3F8803C002BFAD1044A8B
S315020023C8FB69C2F8003C00BF3037BD46BDE8B08F96
S315020023D8008033402DE9B04F8EB002AF032187F853
S315020023E82F104FF000004FF00001C7E908013F49DE
S315020023F8D1F8881CC1F34001C9B2002905D097F863
S315020024082F1041F0060187F82F103849D1F8A01C81
S31502002418C1F34001C9B200292BD097F82F1041F019
S31502002428070187F82F103149D1F8A41CB9612F4941
S31502002438D1F8B01C7961796900208A4683464FF043
S3150200244800004FF0000151460020C7E90201B969B0
S3150200245800200C460546D7E9020144EA000245EA8D
S315020024680103D7E9080140EA020841EA0309C7E974
S315020024780889FEF7DBFF0346FB7197F90730184612
S31502002488FEF7FEFF38603868FFF796FDF86197F8A1
S315020024982F3003F0FC03002B04D03B6806221A7087
S315020024A80023FB613B681B78042B08D997F82F0099
S315020024B8FF230093D7E908230021FFF78FFE0B4B72
S315020024C80222C3F89C2C97F907301846FEF7EAFF52
S315020024D8064BD3F8803C002BFAD1044AFB69C2F8B2
S315020024E8003C00BF3037BD46BDE8B08F00803340A0
S315020024F82DE9B0438AB002AF224BD3F8283DFB83BD
S31502002508204BD3F82C3DBB611E4BD3F8383D002235
S31502002518984691464FF000024FF0000343460022C8
S31502002528C7E90423BB69002218461146D7E90423E2
S3150200253842EA000443EA0105C7E90245F98BFF238B
S315020025480093D7E902230820FFF748FE0346FB71EA
S315020025580C4AFB8BC2F83C3D0A4ABB69C2F8403DAD
S31502002568D7E9042352EA1F0306491346C1F84C3D2C
S3150200257897F907301846FEF795FF00BF2037BD4684
S31502002588BDE8B0830080334080B584B002AF012332
S3150200259800934FF000024FF0000300210620FFF7D8
S315020025A81DFE0346FB71064B0122C3F88C2C97F9D4
S315020025B807301846FEF776FF00BF0837BD4680BDCE
S315020025C80080334080B584B002AF022300934FF0F7
S315020025D800024FF0000300210620FFF7FFFD034625
S315020025E8FB71064B0222C3F88C2C97F90730184662
S315020025F8FEF758FF00BF0837BD4680BD008033404E
S315020026082DE9B0438AB002AF1F4BD3F8A43CFB6155
S315020026181D4BD3F8B03CBB61BB6900229846914674
S315020026284FF000024FF0000343460022C7E9042395
S31502002638FB69002218461146D7E9042342EA000438
S3150200264843EA0105C7E9024501230093D7E90223B4
S3150200265800210720FFF7C2FD0346FB710A4AFB6900
S31502002668C2F8B83C084ABB69C2F8C43C064B012208
S31502002678C3F8B42C97F907301846FEF713FF00BFC4
S315020026882037BD46BDE8B083008033402DE9B0430C
S315020026988AB002AF1F4BD3F8A43CFB611D4BD3F89B
S315020026A8B03CBB61BB690022984691464FF00002D6
S315020026B84FF0000343460022C7E90423FB690022C0
S315020026C818461146D7E9042342EA000443EA0105FB
S315020026D8C7E9024502230093D7E90223002107200E
S315020026E8FFF77CFD0346FB710A4AFB69C2F8B83C50
S315020026F8084ABB69C2F8C43C064B0222C3F8B42C8A
S3150200270897F907301846FEF7CDFE00BF2037BD46BB
S31502002718BDE8B0830080334080B584B002AFFF23A2
S3150200272800934FF000024FF0000301210020FFF74B
S3150200273855FD0346FB71064B0122C3F8542D97F942
S3150200274807301846FEF7AEFE00BF0837BD4680BD05
S315020027580080334080B584B002AF154BD3F8F43C01
S31502002768C3F308039BB2FB80F988FF2300934FF05B
S3150200277800024FF000030A20FFF730FD03467B7183
S315020027880B4AFB88C2F8F03C094AFB88C3F30803E4
S3150200279899B2D2F8F83C61F30803C2F8F83C97F903
S315020027A805301846FEF77EFE00BF0837BD4680BDD7
S315020027B80080334080B584B002AFFF2300934FF008
S315020027C800024FF0000301210920FFF707FD034627
S315020027D8FB7197F907301846FEF764FE00BF083703
S315020027E8BD4680BD80B584B002AFFF2300934FF08B
S315020027F800024FF0000302210920FFF7EFFC03460F
S31502002808FB7197F907301846FEF74CFE00BF0837EA
S31502002818BD4680BD80B584B002AFFF2300934FF05A
S3150200282800024FF0000304210920FFF7D7FC0346F4
S31502002838FB7197F907301846FEF734FE00BF0837D2
S31502002848BD4680BD80B584B002AFFF2300934FF02A
S3150200285800024FF0000308210920FFF7BFFC0346D8
S31502002868FB7197F907301846FEF71CFE00BF0837BA
S31502002878BD4680BD80B584B002AFFF2300934FF0FA
S3150200288800024FF0000310210920FFF7A7FC0346B8
S31502002898FB7197F907301846FEF704FE00BF0837A2
S315020028A8BD4680BD80B483B000AF78607B68022BDA
S315020028B804D801227B6802FA03F31DE07B68032B26
S315020028C801D1062318E07B68042B01D1082313E003
S315020028D87B68052B01D103230EE07B68062B01D109
S315020028E8052309E07B68072B01D10A2304E07B68EC
S315020028F8083B102202FA03F318460C37BD465DF868
S31502002908047B704780B483B000AF2A4B93F8263015
S31502002918DBB27B60274B9B8C9BB2DBB203F00F03C7
S31502002928FB70FB78BB70BB78082B0AD1224A7B68FE
S3150200293852F82330214AA2FB03235B08204A13607C
S3150200294832E0BB78092B0AD11B4A7B6852F823303E
S315020029581A4AA2FB03239B08194A136024E0BB7890
S315020029680A2B0AD1144A7B6852F82330134AA2FB6F
S315020029780323DB08124A136016E0BB780B2B0AD135
S315020029880D4A7B6852F823300C4AA2FB03231B0923
S315020029980B4A136008E0084A7B6852F82320BB7882
S315020029A822FA03F3064A136000BF0C37BD465DF8E8
S315020029B8047B704700E0014060040022ABAAAAAA81
S315020029C8A029002280B400AF064B00221A70054BDC
S315020029D81B78044B1B78034B1B7800BFBD465DF87A
S315020029E8047B704700C0134080B483B000AF094B24
S315020029F85B68C3F309039BB27B607B68642B02D9CD
S31502002A08044B01221A7000BF0C37BD465DF8047BE1
S31502002A18704700BF00C0134080B485B000AF78602D
S31502002A2839607B68B3F5004F02D80023FB600FE0DC
S31502002A387B6803F5742303F23F23194AA2FB032397
S31502002A489B0CFB6004E0174AFB6843F0F0535360A3
S31502002A58144B5B68FA689A42F5D13B68B3F5004FA6
S31502002A6802D80023FB600FE03B6803F5742303F2E8
S31502002A783F230B4AA2FB03239B0CFB6004E0094A93
S31502002A88FB6843F061439360064B9B68FA689A4277
S31502002A98F5D100BF00BF1437BD465DF8047B704709
S31502002AA883DE1B4300C0134080B500AFFFF78AFFE1
S31502002AB815491648FFF7B0FF154B164A1A62144B0A
S31502002AC842F220129A84124B052283F82620FFF737
S31502002AD819FF01211E2000F0A3FBFFF785FFFFF770
S31502002AE811FF0D4B4AF201521A80BFF35F8F00BFE6
S31502002AF8094B01221A72BFF35F8F00BF064B4FF4D0
S31502002B0825421A8000BF80BD4059730780B2E60E7F
S31502002B1800E00140323423320020004080B500AF85
S31502002B28134B144A1A60124B134A5A60104B4FF44D
S31502002B3800429A600E4B114ADA600D4B4FF400427E
S31502002B481A610B4B0E4A5A61094B0E4ADA61084B57
S31502002B580D4A1A62064B0D4A9A61054B0C4A5A628D
S31502002B68034B0C4A9A62FFF7CDFE00BF80BD00BF39
S31502002B7860040022006CDC0200127A0000366E0144
S31502002B8800CA9A3B5543DE130084D7170046C3236F
S31502002B980008AF2F00389C1C80B582B000AF994B55
S31502002BA84AF20352A3F8FA23FFF7B8FF954B0A2213
S31502002BB883F8502A934B092283F8A22000F0A4F93D
S31502002BC8904B002283F836208E4B002283F832205F
S31502002BD88C4B93F83C30C3F3C003DBB2012BF7D11D
S31502002BE8884B894AC3F8C820864B40F22342A3F889
S31502002BF84E20844B002283F84A20824B4FF602125B
S31502002C08C3F8AC207F4B40F25142A3F84C20BFF3E5
S31502002C184F8F00BFBFF36F8F00BF7C4B5B697B4A48
S31502002C2823F400335361794B0022C3F85022BFF3D1
S31502002C384F8F00BFBFF36F8F00BF00BF744B1B6877
S31502002C48734A23F440531360BFF34F8F00BFBFF399
S31502002C586F8F00BF6B4A137D012161F3020313755F
S31502002C68684B1B7DC3F30013DBB2002BF8D1684B0C
S31502002C781B68674A43F440531360BFF34F8F00BF84
S31502002C88BFF36F8F00BF614B5B6903F40033002B00
S31502002C981BD1BFF34F8F00BFBFF36F8F00BF5B4BD4
S31502002CA80022C3F85022BFF34F8F00BFBFF36F8FC6
S31502002CB800BF564B5B69554A43F400335361BFF371
S31502002CC84F8F00BFBFF36F8F00E000BF4D4B00224E
S31502002CD883F82A204B4B93F83C30C3F34013DBB2FC
S31502002CE8012BF7D1FFF7E0FE0923032249494A4897
S31502002CF800F0CAF8434B012283F853200023FB71E4
S31502002D08404AFB7982F83E30FB7963F07F03FB7118
S31502002D183C4AFB7982F83E303A4A92F8743043F0DC
S31502002D28400382F87430374B93F87430C3F3C013F8
S31502002D38DBB2012BF7D1334B072283F86C20314BD8
S31502002D484A2283F874202F4B0A2283F874202D4BCB
S31502002D5893F87430C3F3C013DBB2002BF7D1072301
S31502002D683B7100237B713B1D184600F003F90A23C9
S31502002D7803222A492A4800F087F80A230222294907
S31502002D88294800F081F8072300222849284800F03C
S31502002D987BF8062301222749274800F075F80923FC
S31502002DA802222649264800F06FF80A2301222549FD
S31502002DB8254800F069F80A2304222449244800F029
S31502002DC863F80A2304222349234800F05DF8052301
S31502002DD802222249224800F057F8052301222149F6
S31502002DE8214800F051F8092309222049204800F019
S31502002DF84BF8044B4FF42542A3F8FA2300BF0837D1
S31502002E08BD4680BD00E00140022B010000ED00E056
S31502002E1800E001E0D4E00140DAE001406EE0014062
S31502002E2876E0014054E0014055E0014056E0014099
S31502002E3857E001405CE001405DE0014070E001407E
S31502002E4878E001405EE001405FE001406FE001404A
S31502002E5877E001405AE001405BE00140D5E00140DD
S31502002E68DBE00140D6E00140DCE00140D8E0014069
S31502002E78DEE0014080B483B000AF786000BF0C3753
S31502002E88BD465DF8047B704780B485B000AFF86034
S31502002E98B96011461A460B46FB711346BB71FB68AD
S31502002EA81B78DBB243F04003DAB2FB681A70FB68A0
S31502002EB81B78DBB2DB09DBB203F00103DBB2012BC1
S31502002EC8F5D1BB68FA791A70BB7963F03F03DAB2B7
S31502002ED8FB681A70FB681B78DBB223F04003DAB290
S31502002EE8FB681A70FB681B78DBB2DB09DBB203F0FE
S31502002EF80103DBB2002BF5D100BF00BF1437BD4674
S31502002F085DF8047B7047000080B500AF184B93F854
S31502002F18003CDBB2002B07D1154B93F8013CC3F3F7
S31502002F280103DBB2002B1CD0114B93F8003CDBB239
S31502002F38002B0DD10E4B012283F8002C0121C8204B
S31502002F4800F06EF90A4B93F8003CDBB2012BF9D17B
S31502002F58074B002283F8012C054B002283F8002C2C
S31502002F6804E04FF47A70FFF785FF00BF00BF80BD0B
S31502002F7800E0014090B593B000AF78606C4BB3F8AF
S31502002F88FA337B876A4B4AF20352A3F8FA230023E1
S31502002F987B6400233B6438E0664B5A683B6C10330B
S31502002FA8012101FA03F31340BB62BB6A002B29D144
S31502002FB801223B6C02FA03F37A6C13437B64002307
S31502002FC87B62EFF31083BB61BB697B620123FB6102
S31502002FD8FB6983F3108800BF564B5A683B6C103363
S31502002FE8012101FA03F3534913434B60514B5B68C2
S31502002FF801211E2000F014F97B6A3B623B6A83F3C7
S31502003008108800BF3B6C01333B643B6C012BC3D970
S31502003018474B93F87530C3F30303DBB2184600F047
S315020030288DF80446424B93F86D30C3F30303DBB2C3
S315020030381846FFF737FC0346B4FBF3F37B637B6B57
S315020030483D4AA2FB03239B0C3B633B6B5B000121BE
S31502003058184600F0E5F8364A92F8753043F0400310
S3150200306882F87530324B93F87530C3F3C013DBB26E
S31502003078012BF7D12E4A7B685B7882F86D307B6824
S315020030881B782B4A43F04003DBB282F87530284A94
S315020030987B681B7882F87530254B93F87530C3F335
S315020030A8C013DBB2002BF7D10023FB632DE001220C
S315020030B8FB6B9A407B6C1340002B23D00023FB62E8
S315020030C8EFF31083FB60FB68FB6201233B613B69FC
S315020030D883F3108800BF174B5A68FB6B1033012124
S315020030E801FA03F3DB43134913404B60114B5B6848
S315020030F801211E2000F094F8FB6A7B617B6983F349
S31502003108108800BFFB6B0133FB63FB6B012BCED927
S31502003118074A7B8F43F07F4343F47F0343F42543F7
S315020031289BB2A2F8FA3300BF4C37BD4690BD00BF2A
S3150200313800E001400030204083DE1B4380B485B0A6
S3150200314800AF0346FB71FB79054A52F82330FB6050
S31502003158FB6818461437BD465DF8047B704700BF06
S315020031686004002280B582B000AF2B4B002283F8A0
S3150200317828200121C82000F053F8274B002283F8A3
S315020031882420254B93F82430DBB2002BF9D1224AAE
S3150200319892F8243043F0020382F824301E4B93F847
S315020031A82430C3F34003DBB2002BF7D11A4B0022BB
S315020031B883F82220184B93F82230DBB2002BF9D180
S315020031C80023FB7116E01449FB7903F1200211F87A
S315020031D8123023F0800301F812300F4AFB792033AC
S315020031E812F81330C3F3C013DBB2002BF5D1FB7907
S315020031F80133FB71FB79022BE5D9012000F0AEF908
S31502003208064B002283F84C2C012000F057F900BF28
S315020032180837BD4680BD00BF0020204000E00140BF
S315020032282DE9B04F98B000AF786339630023FB6588
S315020032387A6B3B6B02FB03F3BB65564B1B687B65DC
S315020032487A6D554B9A4239D37B6D03F5742303F293
S315020032583F23524AA2FB03239B0C3B64BB6D00220D
S315020032683B627A623B6C0022BB61FA61D7E9084588
S315020032782B46D7E90689424602FB03F24B4621460C
S3150200328801FB03F3134422464146A2FB0112FA62EA
S315020032980A46BA62FA6A1344FB62D7E90A23C7E9FD
S315020032A80E23C7E90E23D7E90E23012B03D34FF0CA
S315020032B8FF33FB6562E0BB6BFB655FE0384A7B6DFB
S315020032C8B2FBF3F33B65BB6D002298469146424634
S315020032D84B4652EA4F13B2EB0801396163EB090315
S315020032E87B61D7E9042352EA8F031046194603463F
S315020032F813EB0803BB600B4643EB0903FB60D7E9F4
S31502003308022352EACF03C7E91223D7E91223012B74
S3150200331807D2BA6C3B6DB2FBF3F37B647B6CFB653D
S315020033282CE0BA6D3B6DB2FBF3F3BB65BB6D0022B5
S315020033381C46154622462B4652EA4F13B2EB040A9E
S3150200334863EB050B52465B4652EA8F0392469B464F
S315020033581AEB04033B604BEB05037B60D7E90023BA
S3150200336852EACF03C7E91223D7E91223012B02D265
S31502003378BB6CFB6502E04FF0FF33FB65FB6D002B70
S3150200338802D0F86D00F010F800BF6037BD46BDE800
S31502003398B08F00BFA029002200127A0083DE1B43E9
S315020033A800CA9A3B00000000A0F101000028FBD1E8
S315020033B8704700BF80B582B000AF0346FB71FB7948
S315020033C8074A52F82330002B06D0FB79044A52F8F2
S315020033D82330FA791046984700BF0837BD4680BDA4
S315020033E8F428002280B584B000AF1B4B03F5C04316
S315020033F8D3F80031BB60184B03F5C043D3F820312C
S31502003408BA6813407B600023FB730DE0FB7B012245
S315020034189A407B681340002B03D0FB7B1846FFF7C4
S31502003428C9FFFB7B0133FB73FB7B142BEED90A4BDB
S3150200343803F5C0431A467B68C2F81031064B03F5FA
S31502003448C043D3F820217B681340002BF6D100BF76
S3150200345800BF1037BD4680BD0060004080B483B00F
S3150200346800AF60237B607B68122B01D912237B6035
S3150200347800233B6013E00F4A3B6832F81330002BF7
S315020034880AD00C4A3B6832F813300B4A19463B6895
S3150200349803F5C65342F823103B6801333B603A688A
S315020034A87B689A42E7D300BF00BF0C37BD465DF87A
S315020034B8047B70476C9800020060004080B487B0B5
S315020034C800AF0346FB7100237B61EFF31083FB60B9
S315020034D8FB687B6101233B613B6983F3108800BF6C
S315020034E8FB791A4A32F813309BB2002B09D0FB79C2
S315020034F8164A32F8132092B2013A91B2134A22F8C6
S315020035081310FB79114A32F813309BB2002B11D1F2
S315020035180F4BB3F8FA339AB20E4B13439AB2FB79AE
S315020035280D4931F81330DB439BB2094913409BB26C
S31502003538A1F8FA337B69BB60BB6883F3108800BFC6
S3150200354800BF1C37BD465DF8047B704794290022EC
S3150200355800E0014000A5FFFFC89A000280B487B0C8
S3150200356800AF0346FB7100237B61EFF31083FB6018
S31502003578FB687B6101233B613B6983F3108800BFCB
S31502003588FB79164A32F813309BB2002B0FD1144B33
S31502003598B3F8FA339AB2FB79124931F81330134366
S315020035A89AB20F49104B13439BB2A1F8FA33FB792F
S315020035B80A4A32F8132092B2013291B2074A22F825
S315020035C813107B69BB60BB6883F3108800BF00BF1A
S315020035D81C37BD465DF8047B704700BF942900225C
S315020035E800E00140C89A000200A5FFFF80B500AFBF
S315020035F800F016F9FCF7D6FD00BFFDE780B400AF70
S3150200360800BE00BFBD465DF8047B704780B483B038
S3150200361800AF7860BFF35F8F00BF0B4A7B6843F049
S3150200362801035360094B5B6A084A43F480335362C9
S31502003638BFF34F8F00BFBFF36F8F00BF00BF0C37BA
S31502003648BD465DF8047B704790ED00E000ED00E0B2
S3150200365880B487B000AF78600B46FB701346BB7028
S31502003668FB789B08FB75FB7803F00303DB003B61E1
S31502003678FF223B6902FA03F3FB60FB7D012B16D896
S31502003688FA7D7B680C3253F82220FB68DB4302EA98
S315020036980301BA783B6902FA03F31A46FB68134038
S315020036A8FA7D19437B680C3243F8221000E000BF0A
S315020036B81C37BD465DF8047B7047000080B582B0B2
S315020036C800AF03460A46FB711346BB71BA79FB790A
S315020036D819460348FFF7BCFF00BF0837BD4680BD41
S315020036E890ED00E080B485B000AFF860B9607A600A
S315020036F83B60FB68BA689A60FB687A68DA60FB68BE
S315020037083A681A6100BF1437BD465DF8047B7047F4
S3150200371880B584B000AFF860B9607A607B68BA6831
S31502003728F9680348FFF7DEFF00BF1037BD4680BDC4
S3150200373890ED00E090B585B000AF78600023FB609D
S3150200374830E0364B5968FA6813465B0013449B000F
S315020037580B445B7A1A467B68934220D12F4B5968F1
S31502003768FA6813465B0013449B000B4418682B4BFC
S315020037785968FA6813465B0013449B000B445B685E
S315020037881C46264B5968FA6813465B0013449B008D
S315020037980B441B68E31A1A46002105F0B9FCFB68BC
S315020037A80133FB601D4B1B68FA689A42C9D3002392
S315020037B8BB6029E0194BDA68BB681B0113445B7BC3
S315020037C81A467B6893421CD1144BDA68BB681B0104
S315020037D813441868114BDA68BB681B0113449968CD
S315020037E80E4BDA68BB681B0113445B681C460B4B1D
S315020037F8DA68BB681B0113441B68E31A1A4605F00C
S315020038088FFCBB680133BB60044B9B68BA689A425B
S31502003818D0D300BF00BF1437BD4690BDB09A000290
S3150200382880B58EB002AFA34BA34A5A61BFF34F8F3E
S3150200383800BFBFF36F8F00BF9E4B1B687B627B6A1C
S315020038481B0D03F00F033B627B6A03F00F03FB6158
S315020038583B6A012B02D1FB69002B02D13B6A012B81
S315020038680CD9964B1B68954A23F004031360BFF3E1
S315020038784F8F00BFBFF36F8F00BF19E08F4B1B68D6
S315020038888E4A43F004031360BFF34F8F00BFBFF3A2
S315020038986F8F00BF4FF0E0239B684FF0E02243F49E
S315020038A880339360BFF34F8F00BFBFF36F8F00BFA4
S315020038B8804B4FF47002C3F888207E4B804A9A6088
S315020038C80020FCF75BFCFFF767F97E4B4AF20252CF
S315020038D8A3F8FA237B4B002283F8B02A794B4FF4DC
S315020038E82542A3F8FA230120FCF748FC764BFB6035
S315020038F8FB6883F30A8800BF704B1B6803F0020358
S31502003908002B2DD06B4B9B68B3F1007F28D16B4BF4
S315020039181B69DB0803F00F030933012202FA03F3DA
S31502003928DB08BB61654B5B69DB0803F00F030933F0
S31502003938012202FA03F3DB087B61BB6900934FF0AD
S3150200394800024FF00003002000F026F97B6900937D
S315020039584FF000024FF000034FF0005000F01CF940
S315020039680020FFF7E7FEFEF7CDFFFFF7FBFB03207C
S31502003978FFF7F4FD0023FB6208E0544AFB6A0C33A6
S31502003988002122F82310FB6A0133FB62FB6A0D2B26
S31502003998F3D90320FFF792FD0320FFF7DFFD4C4B17
S315020039A800225A604A4B00229A60494B0022DA608A
S315020039B8474B00221A610320FFF780FD414BD3F8DB
S315020039C8D833C3F34003DBB2002B05D03D4BD3F803
S315020039D8D833C3F340031FE03A4B93F81031DBB2F6
S315020039E8002B19D00120FFF7B9FD364B93F8103199
S315020039F8DBB203F0C003802BF7D1324B002283F8E7
S31502003A081021304B93F81031DBB203F0C003002BC0
S31502003A18F7D10120FFF752FD2A4BD3F8D833C3F367
S31502003A288003DBB2002B05D0264BD3F8D833C3F379
S31502003A3880031FE0234B93F81431DBB2002B19D015
S31502003A480120FFF78BFD1F4B93F81431DBB203F00D
S31502003A58C003802BF7D11B4B002283F81421194B84
S31502003A6893F81431DBB203F0C003002BF7D101201F
S31502003A78FFF724FD0220FCF781FB0120FFF75AFE1F
S31502003A88BFF34F8F00BFBFF36F8F00BF094B0022F2
S31502003A98C3F85022BFF34F8F00BFBFF36F8F00BF2B
S31502003AA800BF0C4A0C4BD31A9B103B610023BB6226
S31502003AB81CE000BF00ED00E001020E0000E001E09C
S31502003AC80000000200E0014060000022000D4040B4
S31502003AD8004020406C9E0002689E00022B4ABB6A88
S31502003AE852F823309847BB6A0133BB62BA6A3B690C
S31502003AF89A42F3DBFFF7B2FC002000F0CDF800F0A3
S31502003B0861F8234B5B6903F48033002B38D1204BD1
S31502003B180022C3F88420BFF34F8F00BF1C4BD3F893
S31502003B288030BB60BB685B0BC3F30E037B60BB686C
S31502003B38DB08C3F309033B607B685A0143F6E0736B
S31502003B4813403A68920712491343C1F860323B6838
S31502003B585A1E3A60002BEFD17B685A1E7A60002BF8
S31502003B68E5D1BFF34F8F00BF094B5B69084A43F49F
S31502003B7880335361BFF34F8F00BFBFF36F8F00E0EF
S31502003B8800BF00BF3037BD4680BD00BF689E000239
S31502003B9800ED00E00000000080B584B000AFF860D8
S31502003BA8C7E90023BA69D7E90001FB6842F005C0F4
S31502003BB8E3E802010FF005C0FB6000BF1037BD46FF
S31502003BC880BD00BF80B588B000AF44233B71012396
S31502003BD83B770023FB770CE0FB7F20333B4413F84B
S31502003BE81C2CFB7F11461846FFF768FDFB7F013345
S31502003BF8FB77FA7F3B7F9A42EED30023BB77244BAF
S31502003C081B681B0AFB7600237B7731E0214B5A6936
S31502003C187B7FDB0013441B687B611E4B5A697B7FE3
S31502003C28DB0013445B683B613B691F2B1DD97B692B
S31502003C3823F01F0343F00103FB603B69203B23F09B
S31502003C481F0343F00103BB60BB6823F01F02FB6836
S31502003C5823F01F039A4208D3BB7FBA68F96818464D
S31502003C68FFF756FDBB7F0133BB777B7F01337B773B
S31502003C787A7F084B1B699A4203D2BA7FFB7E9A4225
S31502003C88C4D30420FFF7C2FC00BF2037BD4680BD5F
S31502003C9890ED00E0B09A000280B483B000AF78607D
S31502003CA800BF0C37BD465DF8047B704780B483B00D
S31502003CB800AF786039607B683A681A6000BF0C37D3
S31502003CC8BD465DF8047B704780B483B000AF786068
S31502003CD80B46FB707B68FA781A7000BF0C37BD4634
S31502003CE85DF8047B704780B483B000AF78607B6868
S31502003CF81B6818460C37BD465DF8047B7047000002
S31502003D0880B582B000AF7860396010E000BF0D4818
S31502003D18FFF7E9FF034603F00053002BF7D07B6851
S31502003D285A1C7A601B7819460748FFF7CDFF3B688D
S31502003D385A1E3A60002BE9DC00BF00BF0837BD46B1
S31502003D4880BD00BF488835400488354080B500AF3D
S31502003D580D48FFF7C8FF034623F4000319460A482D
S31502003D68FFF7A4FF00210948FFF7A0FF1021084822
S31502003D78FFF79CFF07490848FFF798FF11210348F8
S31502003D88FFF794FF00BF80BD043020400888354005
S31502003D980C883540104000801088354080B483B0C6
S31502003DA800AF78607B6883F31188BFF36F8F00BF1B
S31502003DB80C37BD465DF8047B704780B483B000AF0C
S31502003DC8EFF311837B607B6818460C37BD465DF8B6
S31502003DD8047B704780B483B000AF10237B60EFF397
S31502003DE811833B607B6883F311883B6818460C375E
S31502003DF8BD465DF8047B704780B400AF044B1B6870
S31502003E080133034A136000BFBD465DF8047B704761
S31502003E18C82A002280B400AF044B1B68013B034A40
S31502003E28136000BFBD465DF8047B7047C82A0022AE
S31502003E3880B483B000AF786039603B681B6913F1C0
S31502003E48640F07DB3B681B6913F1640F02DA6FF034
S31502003E58100327E03B680422DA613B685B69002BA2
S31502003E6801D100231EE03B685B69042B02D06FF088
S31502003E78100317E03B681B6913F1650F08D013F1AD
S31502003E88640F0BD13B689B697A68D2691A6008E0AD
S31502003E983B689B697A68126A1A6002E06FF010033F
S31502003EA800E0002318460C37BD465DF8047B7047D0
S31502003EB880B485B000AF786039603B685B69042BD3
S31502003EC802D06FF0100320E03B689B691B68FB6019
S31502003ED83B681B6913F1650F0CD013F1640F0DD102
S31502003EE8FB68012B02D96FF010030EE07B68FA68B3
S31502003EF8DA6106E07B68FA681A6202E06FF010037C
S31502003F0803E03B680422DA61002318461437BD46EB
S31502003F185DF8047B7047000080B584B000AF786016
S31502003F28FFF76AFF7B681B68FB600F4B1A68FB6822
S31502003F381B69012101FA03F31946104602F0ACFC8B
S31502003F487B681B79023B012B03D8FB6800225A6166
S31502003F5804E0FB686FF038025A6100BFFFF75AFFA8
S31502003F6800BF1037BD4680BDA429002280B588B09F
S31502003F7802AF786039607B681B69012202FA03F393
S31502003F883B612A4B1A683B69DB431946104602F025
S31502003F980BFD7B68DB69002B02D0012B20D022E0C7
S31502003FA87B6818683B681B6901221946FCF7B3FC53
S31502003FB8F860FB68002B02D06FF0380331E07B68AB
S31502003FC818683B6899693B685B691A460023FCF7DF
S31502003FD873FCF860FB68002B08D06FF0380320E00A
S31502003FE86FF008031DE06FF004031AE000BF0F4BE1
S31502003FF8186807F108034FF4FA7200922022396909
S3150200400802F036FD78617B69002B09DB7B685B6908
S315020040187B617B69002B03DB3B685A693B68DA6183
S315020040287B6918461837BD4680BD00BFA429002201
S3150200403880B588B002AF786039607B681B69012257
S3150200404802FA03F33B612A4B1A683B69DB431946BA
S31502004058104602F0A9FC7B68DB69002B02D0012B13
S3150200406820D022E07B6818683B681B690122194642
S31502004078FCF751FCF860FB68002B02D06FF038039E
S3150200408831E07B6818683B6899693B685B691A4640
S315020040980023FCF72AFCF860FB68002B08D06FF0B7
S315020040A8380320E06FF008031DE06FF004031AE0FE
S315020040B800BF0F4B186807F108034FF4FA72009213
S315020040C82022396902F0D4FC78617B69002B09DB6E
S315020040D87B685B697B617B69002B03DB3B685A69FA
S315020040E83B68DA617B6918461837BD4680BD00BF52
S315020040F8A429002280B586B000AFF860B9607A605C
S315020041087B681B697B617B691B68002B02D16FF098
S31502004118380320E07B69BA68DA607B691A687B69CA
S315020041285B6819461046FCF74DFB38613B69002B64
S3150200413802D06FF038030EE07B69186800237A69AB
S315020041480749FCF700FC38613B69002B02D06FF087
S31502004158380300E0002318461837BD4680BD00BF65
S31502004168213F000280B485B000AFF860B9607A607A
S31502004178002318461437BD465DF8047B704780B5A0
S3150200418884B000AF786039603B681B69BB607B68A6
S315020041981B69002B05DB7968B868FFF7E7FEF8604C
S315020041A804E07968B868FFF743FEF860FB681846CA
S315020041B81037BD4680BD80B584B000AF78603960DF
S315020041C83B681B69BB607B681B69002B05DB79684A
S315020041D8B868FFF72DFFF86004E07968B868FFF75A
S315020041E867FEF860FB6818461037BD4680BD80B486
S315020041F885B000AFF860B9607A606FF008031846B8
S315020042081437BD465DF8047B7047000080B596B04A
S3150200421800AFF860B9607A60FB68032B02D96FF0C9
S31502004228100373E0242001F005FC38653B6D002B72
S3150200423802D16FF0200369E03649FB683A6D41F80E
S315020042482320354802F078FA0346344A1360334B82
S315020042581B68002B03DC314B1B687B6552E03B6D08
S315020042683B6100233B6200237B620023BB6201237E
S31502004278FB622B4B3B632B4B7B632B4BBB632B4B5F
S31502004288FB632B4B3B6407F1100304332949184699
S3150200429801F046FC274801F031FCF864FB68DBB202
S315020042A86133D9B207F11402FB6C13440A461A7039
S315020042B8FB6C013358333B44002203F8442C07F1C4
S315020042C8440207F1480107F11003184604F0CCFD31
S315020042D878657B6D002B14D13B6DBA681A603B6D0D
S315020042E87A685A607B6C1A683B6D9A603B6DFA680D
S315020042F81A61BA6C3B6D9A613B6D0022DA61002342
S3150200430804E000BF386D01F0A2FB7B6D18465837F2
S31502004318BD4680BDA829002200000022A429002249
S31502004328FD4000026D41000287410002BF410002C2
S31502004338F7410002D49A000280B400AF044B1B680E
S315020043480133034A136000BFBD465DF8047B70471C
S31502004358C82A002280B400AF044B1B68013B034AFB
S31502004368136000BFBD465DF8047B7047C82A002269
S3150200437880B483B000AF786039606FF010031846D6
S315020043880C37BD465DF8047B704780B483B000AF36
S31502004398786039606FF0100318460C37BD465DF831
S315020043A8047B704780B584B000AF7860FFF7C4FF1E
S315020043B87B685B68FB60104B1A68FB681B69012106
S315020043C801FA03F31946104602F066FA7B689B78EF
S315020043D8002B01D0032B03D1FB6800229A6104E06B
S315020043E8FB686FF038029A6100BFFFF7B3FF00BFA0
S315020043F81037BD4680BD00BFB829002280B58AB0F5
S3150200440802AF786039603B685B69002B04D13B6870
S315020044180122DA61002348E07B681B69012202FA5D
S3150200442803F3BB61234B1A68BB69DB431946104683
S3150200443802F0BAFA7B681B681846FDF743FC7861F6
S315020044487B69002B02D06FF038032EE0194B1868EF
S3150200445807F10C034FF4FA7200922022B96902F0AE
S3150200446807FBF861FB69002B1EDB7B689B69FB6116
S31502004478FB69002B18DB7B6818683B681B69DBB293
S3150200448807F112021946FDF745FC78617B69002B94
S3150200449807D17A8A3B689B691A603B680122DA610E
S315020044A802E06FF03803FB61FB6918462037BD4608
S315020044B880BD00BFB829002280B483B000AF7860FF
S315020044C839606FF0420318460C37BD465DF8047B27
S315020044D87047000080B58CB002AFF860B9607A60A8
S315020044E800237B627B681B693B623B6A1B68002B65
S315020044F802D16FF0380355E03B6ABA685A613B6AE3
S315020045081A683B6A5B6819461046FDF793F8F86124
S31502004518FB69002B02D06FF0380343E03B6A186848
S3150200452800233A6A2149FDF7B3FB3B6A1A683B6ADC
S315020045389B6819461046FDF7FBF9F861FB69002BE3
S3150200454802D06FF038032DE03B6A1B69012202FA9A
S3150200455803F3BB61164B1A68BB69DB43194610465F
S3150200456802F022FA3B6A1B6800211846FDF782FC14
S31502004578F861FB69002B05D0FB69062B02D06FF0A8
S3150200458838030FE0FB69002B0BD1094B186807F1BA
S3150200459814034FF47A7200922022B96902F068FA7B
S315020045A878627B6A18462837BD4680BDAD4300024D
S315020045B8B829002280B586B000AFF860B9607A6083
S315020045C87B681B697B617B691B68002B02D16FF0D4
S315020045D8380311E07B691B681846FDF78DFB7B697A
S315020045E81B681846FDF7D0FB38613B69002B01D1E1
S315020045F8002301E06FF0380318461837BD4680BD20
S3150200460880B584B000AF786039603B681B69BB60CF
S31502004618BB681B68002B02D16FF038030FE07B687A
S315020046281B69002B05DB7968B868FFF7E7FEF860B7
S3150200463804E07968B868FFF79BFEF860FB681846DD
S315020046481037BD4680BD80B584B000AF786039604A
S315020046583B681B69BB60BB681B68002B02D16FF005
S3150200466838030FE07B681B69002B05DB7968B8689D
S31502004678FFF722FFF86004E07968B868FFF785FE5D
S31502004688F860FB6818461037BD4680BD80B485B011
S3150200469800AFF860B9607A606FF0080318461437FD
S315020046A8BD465DF8047B704780B596B000AFF860EA
S315020046B8B9607A603B60FB68022B02D96FF010037F
S315020046C873E0242001F0B6F938653B6D002B02D160
S315020046D86FF0200369E03749FB683A6D41F82320F9
S315020046E8354802F029F80346344A1360334B1B68EF
S315020046F8002B03DC314B1B687B6552E03B6D3B614B
S3150200470800233B6200237B620023BB620123FB6218
S315020047182B4B3B632B4B7B632B4BBB632B4BFB63B9
S315020047282B4B3B6407F1100304332A49184601F060
S31502004738F7F9284801F0E2F9F864FB68DBB261335D
S31502004748D9B207F11402FB6C13440A461A70FB6CC1
S31502004758013358333B44002203F8442C07F1440240
S3150200476807F1480107F11003184604F07DFB786546
S315020047787B6D002B14D13B6DBA681A603B6D7A6863
S315020047885A603B6D3A689A607B6C1A683B6DDA60D0
S315020047983B6DFA681A61BA6C3B6DDA61002304E074
S315020047A800BF386D01F053F97B6D18465837BD4680
S315020047B880BD00BFBC2900220C000022B8290022B5
S315020047C8DD440002BD450002094600024F460002CA
S315020047D895460002DC9A000280B483B000AF786086
S315020047E839607B683A681A6000BF0C37BD465DF8C7
S315020047F8047B704780B400AFBFF36F8F00BFBD461E
S315020048085DF8047B704780B400AFBFF34F8F00BFDB
S31502004818BD465DF8047B704780B500AFFFF7F3FF2E
S31502004828FFF7E8FF00210448FFF7D6FFFFF7EBFF83
S31502004838FFF7E0FF00BF80BD50EF00E080B584B00F
S3150200484800AF786039607B6803F01F023B68134447
S31502004858FB607B68BB60FFF7D6FF09E0B9680A48C8
S31502004868FFF7BAFFBB682033BB60FB68203BFB60DF
S31502004878FB68002BF2DCFFF7C6FFFFF7BBFF00BFA2
S315020048881037BD4680BD00BF68EF00E080B483B034
S3150200489800AF786039607B683A681A6000BF0C37E7
S315020048A8BD465DF8047B704780B500AF074B012211
S315020048B81A60074B00221A604FF080510548FFF72D
S315020048C8E5FF0020FFF76AFA00BF80BD58170022ED
S315020048D85C17002204ED00E080B500AF4FF080516E
S315020048E80248FFF7D3FF00BF80BD00BF04ED00E01A
S315020048F830484FF0010101602F480168002909D1AB
S315020049084FF0085282F30A88DFF8B0D02C4A82F3B5
S315020049180A8811E02DE9F00F00B50A6912F48052EF
S3150200492805D01EF0100302D12DED108A08B4C1F885
S3150200493818D04FF0000202601F4C224D224E4FF053
S31502004948100282F31188D5F80080B8F1000F0DD154
S31502004958D6F800C0BCF1000F08BF00F0B3FA4FF05A
S31502004968000282F31188BFF36F8FE8E7C4F800806C
S315020049784FF0085282F30A88D8F818D0D8F81C20C3
S3150200498882F30A88D8F8100010F4805006D0009BEB
S3150200499813F0100302D108BCBDEC108A5DF804EBD3
S315020049A8BDE8F00F03484FF00001016081F311885A
S315020049B870470000581700225C170022C82A0022F6
S315020049C8C829002260170022E42A002280B500AF17
S315020049D8024800F0A9FA00BFFDE700BFE49A000208
S315020049E880B584B000AF124B1B68BB60114B1B68C5
S315020049F8002B04D00F4B1B689B68FB6001E0002369
S31502004A08FB60BB6803F08043002B09D00A4B1B6886
S31502004A187B607B68BA68F968084800F025FE05E0FD
S31502004A28BA68F968064800F01FFE00BF00BFFDE736
S31502004A382CED00E05C17002228ED00E0EC9A00025B
S31502004A48209B000280B500AF024800F06DFA00BF55
S31502004A58FDE700BF4C9B000280B500AF024800F09C
S31502004A6863FA00BFFDE700BF589B000280B500AF9E
S31502004A78024800F059FA00BFFDE700BF649B000236
S31502004A8880B500AF024800F04FFA00BFFDE700BF4D
S31502004A98749B000280B500AF024800F045FA00BFD9
S31502004AA8FDE700BF7C9B000280B483B000AF78604C
S31502004AB87B681B6818460C37BD465DF8047B704751
S31502004AC880B400AF044B1B680133034A136000BF6E
S31502004AD8BD465DF8047B7047C82A002280B400AF41
S31502004AE8044B1B68013B034A136000BFBD465DF8D1
S31502004AF8047B7047C82A002280B400AFBFF36F8FC9
S31502004B0800BFBD465DF8047B704780B400AFBFF3B3
S31502004B184F8F00BFBD465DF8047B704780B500AF76
S31502004B280648FFF7C1FF034603F40033002B14BF00
S31502004B3801230023DBB2184680BD00BF14ED00E056
S31502004B4880B500AF0648FFF7AFFF034603F480338C
S31502004B58002B14BF01230023DBB2184680BD00BF19
S31502004B6814ED00E080B500AFFFF7AAFF03F088FD59
S31502004B78FFF7B4FF00BF80BD80B500AF184A194BD6
S31502004B889A60194A174BDA60184A164B1A61184A7C
S31502004B98144B5A61174A134B9A61174A114BDA6238
S31502004BA8164A104B1A63164A0E4B9A63154A0D4B50
S31502004BB8DA63FFF7C5FF0346002B03D02421124808
S31502004BC8FFF73CFEFFF7AAFF0346002B05D0FFF7C7
S31502004BD89CFFFFF721FEFFF78FFF0023184680BDD3
S31502004BE8D5490002002C0022E94900024D4A00027A
S31502004BF8614A0002754A0002894A00029D4A000279
S31502004C08F94800026D4B0002082C002280B483B0DA
S31502004C1800AF786039607B683A681A6000BF0C3763
S31502004C28BD465DF8047B704780B483B000AF7860F8
S31502004C387B681B6818460C37BD465DF8047B7047CF
S31502004C4880B400AFBFF36F8F00BFBD465DF8047B2B
S31502004C58704780B400AFBFF34F8F00BFBD465DF803
S31502004C68047B704780B500AF0648FFF7DDFF0346B1
S31502004C7803F40033002B14BF01230023DBB21846CA
S31502004C8880BD00BF14ED00E080B500AF0648FFF70F
S31502004C98CBFF034603F48033002B14BF0123002302
S31502004CA8DBB2184680BD00BF14ED00E080B584B0C3
S31502004CB800AFFFF78FF800F0C5F83948FFF7B4FFE1
S31502004CC803461A46374B1A60364B1B68FB60364B4F
S31502004CD8BB6000237B600AE0FA68131DFB60BB68B1
S31502004CE8191DB96012681A607B6801337B607B689C
S31502004CF86F2BF1DD2C4B19462948FFF787FFFFF783
S31502004D08C3FF0346002B04D04FF4E0612648FFF7A1
S31502004D1895FDFFF7A7FF0346002B05D0FFF799FF7E
S31502004D28FFF77AFDFFF78CFF204B1B683B603B6859
S31502004D3823F440733B603B689BB21C4A43F0BF6353
S31502004D4843F4003313604FF4E0211948FFF75EFF7E
S31502004D5800211848FFF75AFF17491848FFF756FF68
S31502004D68174B4FF008521A60154B1B681A46154B1B
S31502004D789A4202D2124B134A1A60134B134A1A600A
S31502004D880F4B1B68124A13600F4B1B68114A1360BC
S31502004D984FF0085383F30A8803F0E4FE00BFFDE7E9
S31502004DA808ED00E0CC2A0022002C00220CED00E0DF
S31502004DB824ED00E01CED00E00000F01020ED00E01C
S31502004DC8D02A002200330022D42A002200401D22C3
S31502004DD8D82A0022DC2A002280B400AF0023184613
S31502004DE8BD465DF8047B704780B582B000AF0023EC
S31502004DF87B600B4A0B490020FFF708FA78607B684C
S31502004E08002B01DA7B6807E0074B084A08490020AD
S31502004E18FFF74AFC78607B6818460837BD4680BDAE
S31502004E284C9100028C280022F49100023893000269
S31502004E38CC28002280B400AF00231846BD465DF890
S31502004E48047B704780B400AF00BFBD465DF8047BA3
S31502004E58704780B500AFFEF7BDFF00BFFDE7000053
S31502004E6880B582B000AF78607B68B3F1FF3F0BD0A4
S31502004E787B68002B1ADA7B6813F1030F10D07B6864
S31502004E8813F1020F06D011E00B4800F04DF86FF04F
S31502004E9808030DE0094800F047F86FF0080307E039
S31502004EA8074800F041F86FF0080301E06FF01003BD
S31502004EB818460837BD4680BDB09B0002D09B00024B
S31502004EC8EC9B000280B400AF00BFBD465DF8047BD0
S31502004ED8704780B500AFFEF739FF00BF80BD0000FE
S31502004EE880B584B000AF78607B68DBB2FB72FEF7F0
S31502004EF871FF0346FB60FB7A0A2B03D1012109489D
S31502004F08FEF7FEFE07F10B0301211846FEF7F8FE2F
S31502004F18FB681846FEF742FF002318461037BD46BF
S31502004F2880BD00BF039C000280B584B000AF7860E4
S31502004F387B68FB60FEF74EFF0346BB6006E0FB6834
S31502004F485A1CFA601B781846FFF7CAFFFB681B78DB
S31502004F58002BF4D1BB681846FEF720FF002318463B
S31502004F681037BD4680BD000080B487B000AFF86038
S31502004F78B9601346FB71FB799B10DBB203F0100391
S31502004F88FB75FB7903F03F03FB7114E0FA79BB6802
S31502004F98B3FBF2F101FB02F29A1AFB7D1344FA689B
S31502004FA8013AFA600E4AD25CFB681A70FB79BA6853
S31502004FB8B2FBF3F3BB60FB79BA689A42E6D2FA7D92
S31502004FC8BB681344FA68013AFA60054AD25CFB6880
S31502004FD81A70FB6818461C37BD465DF8047B704795
S31502004FE8149C000280B590B000AFF860B9607A6090
S31502004FF83B6000233B63F1E297F82730252B07D065
S315020050083B6B002B40F0E9827B68013B3B63E4E2A1
S315020050183B6B002B09D07A683B6BD31A591EFB6887
S31502005028BA68386B984700233B63002387F8253014
S315020050387B685A1C7A601B7887F8273097F82730DE
S31502005048203B102B48D801A252F823F0B550000293
S31502005058E1500002E1500002C3500002E150000292
S31502005068E1500002E1500002E1500002E150000264
S31502005078E1500002E1500002A7500002E15000028E
S3150200508899500002E1500002E1500002D15000029C
S3150200509897F8253043F0010387F825301BE097F887
S315020050A8253043F0020387F8253014E097F82530B7
S315020050B843F0040387F825300DE097F8253043F0CE
S315020050C8080387F8253006E097F8253043F01003E1
S315020050D887F8253000BFABE700BF97F827302A2BA1
S315020050E819D13B681A1D3A601B687B87B7F93A30B3
S315020050F8002B09DA7B8F5B429BB27B8797F82530B8
S3150200510843F0010387F825307B685A1C7A601B78BE
S3150200511887F827301EE000237B8713E07B8F1A4629
S31502005128920013445B009AB297F827309BB2134455
S315020051389BB2303B9BB27B877B685A1C7A601B7892
S3150200514887F8273097F827302F2B03D997F8273077
S31502005158392BE3D94FF6FF733B8797F827302E2B67
S3150200516840D17B685A1C7A601B7887F8273097F8F3
S3150200517827302A2B11D13B681A1D3A601B683B87D8
S31502005188B7F93830002B01DA00233B877B685A1CB3
S315020051987A601B7887F827301EE000233B8713E0E6
S315020051A83B8F1A46920013445B009AB297F827304F
S315020051B89BB213449BB2303B9BB23B877B685A1C1B
S315020051C87A601B7887F8273097F827302F2B03D970
S315020051D897F82730392BE3D997F8253023F01003AF
S315020051E887F82530002387F8243097F82730682B6C
S315020051F803D097F827306C2B09D197F8273087F810
S3150200520824307B685A1C7A601B7887F827300A2371
S3150200521887F826300023FB7407F114030E33BB62AA
S3150200522897F82730782B00F34D81642B0BDA632B22
S3150200523800F03581632B00F34581002B00F03E8197
S31502005248582B22D03EE1643B012202FA03F39F4A1D
S315020052581A40002A14BF01220022D2B2002A14D10F
S3150200526803F40042002A14BF01220022D2B2002A05
S3150200527840F0F18003F48053002B14BF012300236E
S31502005288DBB2002B40F0CF801CE197F824306C2B60
S3150200529805D13B681A1D3A601B68FB6316E03B683A
S315020052A81A1D3A601B68FB6397F82430682B0DD1E8
S315020052B897F82730692B03D097F82730642B02D149
S315020052C8FB6B1BB201E0FB6B9BB2FB6397F82730C3
S315020052D8583B202B00F2948001A252F823F000BF1B
S315020052E8AF5300020954000209540002095400028D
S315020052F80954000209540002095400020954000222
S315020053080954000209540002095400020954000211
S315020053186D5300020954000209540002095400029E
S31502005328095400026D53000209540002095400028E
S31502005338095400020954000209540002C353000228
S3150200534809540002095400020954000209540002D1
S3150200535809540002095400020954000209540002C1
S31502005368B9530002FB6B002B05DAFB6B5B42FB634E
S315020053782D23FB7410E097F8253003F00203002B67
S3150200538802D02B23FB7407E097F8253003F00403B9
S31502005398002B32D02023FB74B7F93A309BB2013B7B
S315020053A89BB27B872CE097F82630403387F8263065
S315020053B897F82630083387F8263097F82630023BC6
S315020053C887F8263097F8253003F00803002B16D005
S315020053D8FB6B002B13D07A8F97F82630082B01D156
S315020053E8012300E00223D31A9BB27B8797F8263063
S315020053F863F07F0387F8263001E000BF00E000BFB4
S31502005408FB6B002B03D1B7F93830002B08D097F87D
S3150200541826301A46F96BB86AFFF7A6FD034600E07E
S31502005428BB6AFB6255E03B681A1D3A601B68FB6360
S31502005438FB6B002B06D0902387F826307B8F023B26
S315020054489BB27B8797F826301A46F96BB86AFFF73C
S315020054588BFDF8623DE03B681A1D3A601B68FB62E9
S31502005468FB6ABB62B7F93830002B0BDA02E0BB6A7B
S315020054780133BB62BB6A1B78002BF8D128E0BB6AF2
S315020054880133BB623B8F013B9BB23B87B7F938308E
S31502005498002B1DDBBB6A1B78002BF0D118E0BB6A18
S315020054A8FB623B681A1D3A601A68FB6A013BFB629B
S315020054B8D2B2FB6A1A7000233B870AE07B68013B7B
S315020054C87B608BE07B68013B3B6387E02108120027
S315020054D800BFBA6AFB6AD31AFB863A8FFB8ED31AC7
S315020054E89BB23B87B7F93830002B04DDFA8E3B8F27
S315020054F813449BB2FB867A8FFB8ED31A9BB27B87A9
S3150200550897F8253003F01103002B0DD104E0FB6850
S31502005518BA6801213E4898477B8F013B9BB27B873D
S31502005528B7F93A30002BF2DAFB7C002B05D007F1EB
S315020055381300FB68BA680121984797F92630002BB1
S3150200554817DAFB68BA6801213248984797F8263075
S3150200555803F01003002B0CD097F8263003F0400313
S31502005568002B01D02C4800E02C48FB68BA680121C0
S3150200557898473B8FFB86B7F93630002B0FDC97F836
S31502005588253003F01103102B09D17B8FFB860023EC
S315020055987B8704E0FB68BA6801211E489847FB8EA0
S315020055A8013B9BB2FB86B7F93630002BF2DABA6AB0
S315020055B8FB6AD11AFB68BA68F86A984704E0FB687E
S315020055C8BA680121124898477B8F013B9BB27B87B9
S315020055D8B7F93A30002BF2DA00E000BF7B685A1CB2
S315020055E87A601B7887F8273097F82730002B7FF4E4
S315020055F803AD3B6B002B07D07A683B6BD31A591E57
S31502005608FB68BA68386B984700BF4037BD4680BD0D
S31502005618049C0002089C00020C9C0002109C0002DA
S3150200562880B584B000AFF860B9607A607B68B3F978
S3150200563800309AB2BB689BB213449BB21AB27B681B
S315020056481A8006E0FB685A1CFA601B781846FFF7B0
S3150200565847FCBB68013BBB60BB68002BF2DA00BFA4
S3150200566800BF1037BD4680BD0FB480B582B000AF0B
S3150200567800237B8007F114037B60B91C7B683A69B7
S315020056880548FFF7AFFCB7F9023018460837BD469A
S31502005698BDE8804004B070472956000280B584B040
S315020056A800AF7860FEF796FBF8607B681B685A1CA9
S315020056B87B681A607B681B68BB60F868FEF76EFB3E
S315020056C8BB6818461037BD4680BD80B584B000AFAA
S315020056D87860FEF77FFBF8607B681B68591E7A685C
S315020056E81160BB60F868FEF759FBBB6818461037AD
S315020056F8BD4680BD80B582B000AF78607868FFF796
S31502005708CDFF0346002B07DD7B685B684FF0FF324F
S315020057180121184602F0A4F800BF0837BD4680BD2D
S3150200572880B582B000AF78607868FFF7CEFF03468F
S31502005738002B05DD7B685B680121184601F0B8FF7E
S3150200574800BF0837BD4680BD80B58AB000AF786015
S3150200575839600123FB6000233B6101237B6107F16A
S3150200576808037B62164B3B620023FB610AE03A6A36
S31502005778531C3B627B6A591C796212781A70FB6960
S315020057880133FB61FB69032BF1DD07F108031846B8
S3150200579801F0C4FEB861BB69002B01DABB690AE0F5
S315020057A87B68BA695A607B684FF0FF321A607B6879
S315020057B83A689A60002318462837BD4680BD00BF5E
S315020057C8349C000280B582B000AF78607B685B6863
S315020057D8002B04DD7B685B68184601F019FF7B68BD
S315020057E800225A6000BF0837BD4680BD80B584B026
S315020057F800AF7860FEF7EEFAF8607B681B685A1C01
S315020058087B681A60F868FEF7C9FA00BF1037BD460A
S3150200581880BD80B584B000AF7860FEF7DBFAF86029
S315020058287B681B685A1E7B681A60F868FEF7B6FA28
S3150200583800BF1037BD4680BD80B586B000AF786020
S31502005848396001223B6802FA03F37B61FEF7C2FA6A
S3150200585838617B681B687A691340FB607B681A6843
S315020058687B691A437B681A603869FEF797FAFB6800
S3150200587818461837BD4680BD80B584B000AF78603B
S315020058883960FEF7A7FAF8607B681A6801213B6857
S3150200589801FA03F3DB431A407B681A60F868FEF7DD
S315020058A87DFA00BF1037BD4680BD80B58AB002AF0B
S315020058B8F860B9607A600122BB6802FA03F3BB6139
S315020058C8FB6804331846FFF791FFFB68B968184668
S315020058D8FFF7B2FF0346002B02D10023FB6110E05B
S315020058E8FB68986807F114027B6800931346212225
S315020058F8B96901F0BDF8F861FB69002B00DBE4E742
S3150200590800BFFB6804331846FFF783FFFB69184696
S315020059182037BD4680BD80B582B000AF7860396059
S315020059284FF0FF3239687868FFF7BFFF034618461B
S315020059380837BD4680BD80B584B000AF786039604F
S3150200594801223B6802FA03F3FB607B683968184652
S31502005958FFF792FF7B685B68002B07D07B689B6822
S31502005968F968184600F098FF034600E00023BB607A
S31502005978BB6818461037BD4680BD000080B58AB0A0
S3150200598800AF7860396009233B6100237B6107F128
S315020059980C037B62174B3B620023FB610AE03A6AFF
S315020059A8531C3B627B6A591C796212781A70FB692E
S315020059B80133FB61FB69032BF1DD07F10C03184682
S315020059C800F0BAFEB8617B68BA699A60BB69002BB7
S315020059D801DABB6909E07B6800225A607B6800220B
S315020059E81A607B683A68DA60002318462837BD468B
S315020059F880BD00BF3C9C000280B584B000AF7860D1
S31502005A087B689B68002B02DC6FF010030EE07B6854
S31502005A189B68184600F0F0FEF860FB68002B01DA76
S31502005A28FB6803E07B6800229A6000231846103759
S31502005A38BD4680BD80B582B000AF78607B681846E7
S31502005A4801F08CFA034618460837BD4680BD80B574
S31502005A5882B000AF7860786801F0D6FA00BF0837DE
S31502005A68BD4680BDF0B484B000AFF860B9607A6014
S31502005A78FC68BB68DDB27B68072B12DC03E02346B1
S31502005A885C1C2A461A707B685A1E7A60002BF6DC62
S31502005A98FB682EE07B68013B7B6023465C1C2A463A
S31502005AA81A70234603F00303002BF3D126462A462F
S31502005AB813461B021A442B461B041A432B461B0683
S31502005AC842EA030405E033461E1D1C607B68043B5C
S31502005AD87B607B68032BF6DC344606E023465C1CB7
S31502005AE82A461A707B68013B7B607B68002BF5D1DE
S31502005AF8FB6818461037BD46F0BC704790B482B0B2
S31502005B0800AF78607C6800E0013494F90030002B1D
S31502005B18FAD17B68E31A18460837BD4690BC704727
S31502005B2890B482B000AF786039607C6823465C1C0A
S31502005B383A6892F900201A703B685A1C3A6093F93F
S31502005B480030002BF2D17B6818460837BD4690BC58
S31502005B58704790B484B000AFF860B9607A60FC68A8
S31502005B687B685A1E7A60002B01DCFB6817E0234625
S31502005B785C1CBA6892F900201A70BB685A1CBA6093
S31502005B8893F90030002BEBD103E023465C1C00227C
S31502005B981A707B685A1E7A60002BF6DCFB68184678
S31502005BA81037BD4690BC704790B482B000AF78609B
S31502005BB8396011E07B685A1C7A6093F90030DBB2CF
S31502005BC819463B685A1C3A6093F90030DBB2CC1A84
S31502005BD8002C01D023460EE07B6893F90030002B97
S31502005BE8E8D17B6893F90030DBB21A463B6893F931
S31502005BF80030DBB2D31A18460837BD4690BC704748
S31502005C0880B483B000AF78607B687A681A607B6874
S31502005C187A685A6000BF0C37BD465DF8047B704748
S31502005C2880B483B000AF78607B681B687A689A4252
S31502005C380CBF01230023DBB218460C37BD465DF8BC
S31502005C48047B704780B483B000AF786039603B68E4
S31502005C585A687B685A607B683A681A603B685B6870
S31502005C687A681A603B687A685A6000BF0C37BD4684
S31502005C785DF8047B704780B483B000AF78607B68B8
S31502005C881B687A689A4209D07B685B687A681268E8
S31502005C981A607B681B687A6852685A6000BF0C37BC
S31502005CA8BD465DF8047B704780B485B000AF786066
S31502005CB87B681B687A689A4201D100230BE07B68ED
S31502005CC81B68FB60FB681A687B681A60FB681B68BE
S31502005CD87A685A60FB6818461437BD465DF8047B35
S31502005CE87047000080B584B000AF7860114B1B681E
S31502005CF8FB6015E0FB68BB60BB681A7A7B681B7899
S31502005D089A420AD1BB68083379681846FFF74CFFEE
S31502005D180346002B01D1BB6807E0FB681B68FB60E2
S31502005D28FB68044A9342E5D1002318461037BD465C
S31502005D3880BD00BFE006002280B584B000AF78605F
S31502005D480F48FFF7B1FFF860FB68002B01D100236B
S31502005D5811E0FB680833092279681846FFF7F9FE4D
S31502005D68FB6840331846FFF74BFFFB6805491846A0
S31502005D78FFF768FFFB6818461037BD4680BD00BFAF
S31502005D88E8060022E006002280B582B000AF7860FD
S31502005D987B681846FFF76FFF7B6805491846FFF7C9
S31502005DA851FF7B6800221A7200BF0837BD4680BDC4
S31502005DB8E8060022B0B588B000AFF860B9607A602C
S31502005DC801214F48FFF7A7FDF868FFF797FEB8616C
S31502005DD8BB69002B02D0BB69082B03DD6FF01003E9
S31502005DE87B6184E0BB68002B27D0BB68DB68002B8D
S31502005DF803DBBB68DB68FF2B03DD6FF010037B61F7
S31502005E0875E0BB68DB68002B02DDBB690133BB6149
S31502005E18BB68DB680A2B02DDBB690133BB61BB6861
S31502005E28DB68642B02DDBB690133BB61BB69082BE6
S31502005E3803DD6FF010037B6159E000213048FFF75C
S31502005E486AFDF868FFF74EFFF861FB69002B11D16E
S31502005E58BB68002B03D16FF029037B6143E0F86826
S31502005E68FFF76AFFF861FB69002B03D16FF0210384
S31502005E787B6138E0BB68002B14D0FB69BA6803F172
S31502005E88140415460FCD0FC40FCD0FC495E80700AD
S31502005E9884E807007B68002B13D07B68194A1268CE
S31502005EA81A600EE0FB6940331846FFF7B9FE03464F
S31502005EB8002B03D16FF040037B6114E0F869FFF70A
S31502005EC863FF00210E48FFF736FD01210C48FFF754
S31502005ED832FDFB690C4A9B1ADB100C4A02FB03F3E0
S31502005EE801331B0208E000210548FFF724FD0121C2
S31502005EF80348FFF720FD7B6918462037BD46B0BD2B
S31502005F088C0400229C040022A0040022398EE33865
S31502005F1880B582B000AF08233B600F48FFF770FEDA
S31502005F280E48FFF76DFE0E4B7B600AE07B680B4955
S31502005F381846FFF787FE7B6800221A727B68483389
S31502005F487B603B685A1E3A60002BEFDC002318463A
S31502005F580837BD4680BD00BFE0060022E8060022DB
S31502005F68A004002280B483B000AF00237B60054AF8
S31502005F787B6813607B6818460C37BD465DF8047B60
S31502005F88704700BF9C04002280B582B000AF164954
S31502005F981648FFF7F3FC78607B68002B15DBFFF7E2
S31502005FA8B7FF78607B68002B11DB00F0BFFA7860D8
S31502005FB87B68002B0DDBFFF7D5FF78607B68002B2B
S31502005FC809DB00F05FFA002309E000BF04E000BF26
S31502005FD802E000BF00E000BF00F016F87B68184632
S31502005FE80837BD4680BD00BF449C00028C040022CF
S31502005FF880B483B000AF00237B607B6818460C37F9
S31502006008BD465DF8047B704780B582B000AF00F0EC
S315020060184FFAFFF7EDFF786000F0D2FA786004488D
S31502006028FFF7EAFC7B6818460837BD4680BD00BF05
S315020060388C04002280B483B000AF78607B687A68EB
S315020060481A607B687A685A6000BF0C37BD465DF8ED
S31502006058047B704780B483B000AF78607B681B68A6
S315020060687A689A420CBF01230023DBB218460C3722
S31502006078BD465DF8047B704780B483B000AF786094
S3150200608839603B685A687B685A607B683A681A6066
S315020060983B685B687A681A603B687A685A6000BF30
S315020060A80C37BD465DF8047B704780B483B000AFF9
S315020060B878607B681B687A689A4209D07B685B6855
S315020060C87A6812681A607B681B687A6852685A602E
S315020060D800BF0C37BD465DF8047B704780B582B0B9
S315020060E800AF786039607B681846FFF7DEFF7B6889
S315020060F808331846FFF7D9FF3B68002B04D07B68A4
S3150200610805491846FFF7B8FF7B6800221A6100BFE7
S315020061180837BD4680BD00BFF00A002280B582B0AE
S3150200612800AF78607B681846FFF7BFFF7B680549B2
S315020061381846FFF7A1FF7B6800229A6000BF08375E
S31502006148BD4680BD380E002280B485B000AF7860A7
S3150200615839607B681B6CFB6009E0FB689B693A68DF
S315020061689A4201D1012308E0FB681B68FB607B6841
S315020061784033FA689A42F0D1002318461437BD46CE
S315020061885DF8047B7047000090B589B000AF78606F
S3150200619800217648FFF7BFFB7B685B69BB61BB6979
S315020061A89B6B7B61BB695B6B3B61BB695B69FB6034
S315020061B801F094FF02467B685A637B6800229A6361
S315020061C87B681B6B002B2EDD7B68DB6A103BBB6092
S315020061D8FDF700FE664B1B68B3F92A2092B201321C
S315020061E892B212B25A850020FDF7D8FDBB68D8686C
S315020061F87B68D96A7B681A6B7C69FB68A047FDF7DE
S31502006208E9FD5B4B1B68B3F92A2092B2013A92B2B6
S3150200621812B25A850020FDF7C1FD7B689B6B5A1C9A
S315020062287B689A6342E07B681B6AFB6139E0FB691B
S31502006238BB60BB68DB68002B2FD0BA68137F43F0BC
S3150200624810031377FDF7C6FD494B1B68B3F92A20DD
S3150200625892B2013292B212B25A850020FDF79EFD21
S31502006268BB68D868BB6803F110017C69FB68012228
S31502006278A047FDF7AFFD3E4B1B68B3F92A2092B241
S31502006288013A92B212B25A850020FDF787FD7B6861
S315020062989B6B5A1C7B689A6300E000BFFB691B680C
S315020062A8FB617B682033FA699A42C0D100212F48E4
S315020062B8FFF741FB7B689B6B002B07DD7B68DB6B7B
S315020062C84FF0FF320121184601F0CAFA7B68002214
S315020062D85A6300212548FFF71EFB37E07B681B6AD5
S315020062E8BB60BA68137F43F01003137700211F4877
S315020062F8FFF721FBFDF76EFD1D4B1B68B3F92A203C
S3150200630892B2013292B212B25A850020FDF746FDC8
S31502006318BB6803F110003C69FB684FF0FF320121AC
S31502006328A047FDF757FD124B1B68B3F92A2092B214
S31502006338013A92B212B25A850020FDF72FFD0021CA
S315020063480A48FFF7E8FAB868FFF7E8FE7B682033E1
S315020063581846FFF77FFE0346002BBFD000210348ED
S31502006368FFF7E9FA00BF2437BD4690BD8C04002228
S315020063785C17002280B588B000AF786039600023C8
S31502006388BB617868FFF700FF00213948FFF7C3FAB7
S315020063987B685B697B617B689B693B617B69DB6ABE
S315020063A8FB617B695B69FB607B69324A9B1ADB107E
S315020063B8314A02FB03F301331B023A691344BB60F9
S315020063C87B68DB6B184601F023F900217868FFF732
S315020063D885FE39697869FFF7B7FE0346002B0BD0AD
S315020063E83B6823F001033B607B699B6903F0010369
S315020063F8002B01D10023FB6100211D48FFF79BFA00
S31502006408FB69002B21D0FDF7E5FC1C4B1B68B3F991
S315020064182A2092B2013292B212B25A850020FDF7B0
S31502006428BDFCFB69FA683968B8689847B861FDF730
S31502006438D1FC124B1B68B3F92A2092B2013A92B2E6
S3150200644812B25A850020FDF7A9FC00210848FFF779
S3150200645862FA7B680A491846FFF70EFE00210448CD
S31502006468FFF769FABB6918462037BD4680BD00BFEB
S315020064788C040022A0040022398EE3385C1700221D
S31502006488F00A002280B500AF00210748FFF743FA59
S315020064980648FFF7CFFD054B00229A600021024805
S315020064A8FFF749FA00BF80BD8C040022400E002285
S315020064B880B582B000AF1A4B1B68002B2CD0002186
S315020064C81848FFF728FA184B1A68154B9B68D31A0F
S315020064D8154A1360124B00229A6012E0104B1B6891
S315020064E8083B7B607B6800221A6100210D48FFF792
S315020064F822FA00217868FFF73DFF00210948FFF7D5
S315020065080AFA0748FFF7A6FD0346002BE6D0002144
S315020065180448FFF710FA00E000BF0837BD4680BD01
S31502006528400E00228C040022E02A002280B582B0A6
S3150200653800AF1F48FFF77EFD00237B6011E01D4A6E
S315020065487B689B011344103300221A607B689B0107
S31502006558184A134416491846FFF78EFD7B6801331D
S315020065687B607B680F2BEADD1348FFF763FD002388
S315020065787B6015E0114A7B68342101FB03F313445F
S31502006588083300221A607B68342202FB03F30B4AA3
S31502006598134409491846FFF76FFD7B6801337B6090
S315020065A87B680F2BE6DD002318460837BD4680BDFB
S315020065B8F00A0022F0060022380E0022F80A00220B
S315020065C880B400AF00231846BD465DF8047B7047C9
S315020065D880B483B000AF78607B687A681A607B689B
S315020065E87A685A6000BF0C37BD465DF8047B70476F
S315020065F880B483B000AF78607B681B687A689A4279
S315020066080CBF01230023DBB218460C37BD465DF8E2
S31502006618047B704780B483B000AF786039603B680A
S315020066285A687B685A607B683A681A603B685B6896
S315020066387A681A603B687A685A6000BF0C37BD46AA
S315020066485DF8047B704780B485B000AF78607B68DC
S315020066581B687A689A4201D100230BE07B681B68A3
S31502006668FB60FB681A687B681A60FB681B687A68B5
S315020066785A60FB6818461437BD465DF8047B7047B6
S3150200668880B400AF054B1B68002BCCBF0123002347
S31502006698DBB21846BD465DF8047B7047C82A00225D
S315020066A880B485B000AFF860B9607A607B6803F0A1
S315020066B80103002B09D0FB685A69BB681340002BFB
S315020066C814BF01230023DBB209E0FB685A69BB68E1
S315020066D81340BA689A420CBF01230023DBB218465C
S315020066E81437BD465DF8047B7047000080B582B05A
S315020066F800AF0E48FFF76CFF0D4B3B600D4B7B60FE
S315020067080AE07B6800229A607B6808491846FFF708
S3150200671881FF7B6818337B607A683B689A42F0D3BC
S31502006728002318460837BD4680BD00BFCC0F00229D
S31502006738CC0F00224C0E002280B588B000AF7860DC
S315020067480923BB617B685A68BB69DB431340002B8C
S3150200675802D06FF00A033EE0FDF73CFB7861204861
S31502006768FFF771FF38613B69002B03D16FF02103F4
S31502006778FB611DE03B691B4A9B1ADB101A4A02FBA6
S3150200678803F30133FB603B691846FFF721FF3B69B8
S31502006798FA689A607B681A683B69DA607B685A68A5
S315020067A83B691A617B689A683B695A61FB68FB61B7
S315020067B87B69002B0BD10D4B1A680D4B1B689A424D
S315020067C805D00C4B1B68002B01D1FEF785F87869BA
S315020067D8FDF7E4FAFB6918462037BD4680BD00BFBF
S315020067E8CC0F00224C0E0022ABAAAAAA5C170022E2
S315020067F8601700225817002280B586B000AF78606D
S3150200680800237B617B68002B02DD7B68102B02DD8F
S315020068186FF0110332E07B685A1E13465B0013447D
S31502006828DB00184A13443B61FDF7D4FAF8603B696A
S315020068389B68002B03D16FF029037B610BE03B6950
S31502006848184602F003F93B690F491846FFF7E2FEBC
S315020068583B6900229A60FB68002B0BD10B4B1A6826
S315020068680B4B1B689A4205D00A4B1B68002B01D1B9
S31502006878FEF732F8F868FDF791FA7B691846183779
S31502006888BD4680BD4C0E0022CC0F00225C170022AA
S31502006898601700225817002280B58AB000AF7860C8
S315020068A8396000233B627B68002B02DD7B68102B74
S315020068B802DD6FF011036AE07B685A1E13465B001D
S315020068C81344DB00344A1344FB61FDF783FAB861CB
S315020068D8FB699B68002B03D16FF029033B6243E0F7
S315020068E8FB695A693B681A43FB695A61FB691B686B
S315020068F87B6233E07B6A7B617B6A1B687B627B69AE
S315020069089B6C3B617B69DB6CFB60FA683969F869E9
S31502006918FFF7C6FE0346002B20D07B691B6DFA697A
S3150200692852691A60786902F004F8FB6803F02003DA
S31502006938002B0AD0FB695A693B69DB431A40FB699B
S315020069485A61FB695B69002B0DD0FB6803F01003E3
S31502006958002B03D0FB6900225A6105E0FB697A6ABB
S315020069689A42C7D100E000BFBB69002B0BD10B4B83
S315020069781A680B4B1B689A4205D00A4B1B68002BF8
S3150200698801D1FDF7A9FFB869FDF708FA3B6A18466F
S315020069982837BD4680BD00BF4C0E00225C17002278
S315020069A8601700225817002280B586B000AF7860BB
S315020069B8396000237B617B68002B02DD7B68102B24
S315020069C802DD6FF011032CE07B685A1E13465B004A
S315020069D81344DB00154A13443B61FDF7FBF9F860E3
S315020069E83B699B68002B03D16FF029037B6105E0A5
S315020069F83B695A693B681A403B695A61FB68002B36
S31502006A080BD10B4B1A680B4B1B689A4205D00A4BE3
S31502006A181B68002B01D1FDF75FFFF868FDF7BEF989
S31502006A287B6918461837BD4680BD00BF4C0E00224A
S31502006A385C170022601700225817002280B584B01E
S31502006A4800AF786039607B689B6B5A1E13465B0001
S31502006A581344DB00054A1344FB607968F86802F0C0
S31502006A6847F800BF1037BD4680BD00BF4C0E002256
S31502006A7880B588B000AFF860B9607A603B600023E1
S31502006A887B61FB68002B02DDFB68102B02DD6FF0D1
S31502006A981103A3E0BB68002B02D16FF010039DE03F
S31502006AA87B6823F03103002B02D06FF0100395E0C8
S31502006AB8BB6AB3F1FF3F02DA6FF010038EE0494B6F
S31502006AC81B68002B0DD1FFF7DBFD0346002B08D10F
S31502006AD8454B1B68002B04D0FDF76FF90346002BC4
S31502006AE802D06FF0180379E0FB685A1E13465B0062
S31502006AF81344DB003D4A1344FB61FDF76BF9B861A9
S31502006B08FB699B68002B03D16FF029037B6152E076
S31502006B18FB691B6903F00803002B0AD1FB691846B7
S31502006B28FFF766FD0346002B03D16FF028037B614E
S31502006B3841E07A68B968F869FFF7B2FD0346002BA7
S31502006B4818D0FB695A693B681A607B6803F0200310
S31502006B58002B06D0FB695A69BB68DB431A40FB69FE
S31502006B685A617B6803F01003002B24D0FB690022CC
S31502006B785A6120E0FB691B6903F00103002B01D06F
S31502006B881B4A00E01B4A184B1B685A63164B1B68C4
S31502006B9807F114025A64144B1B68BA689A64124BBA
S31502006BA81B687A68DA64104B1B683A681A65B96A10
S31502006BB8F86901F067FFBB69002B0BD10A4B1A680B
S31502006BC80D4B1B689A4205D0064B1B68002B01D158
S31502006BD8FDF782FEB869FDF7E1F87B6918462037AA
S31502006BE8BD4680BD581700225C1700224C0E0022B3
S31502006BF8589C00024C9C00026017002280B483B0A5
S31502006C0800AF78607B687A681A607B687A685A602F
S31502006C1800BF0C37BD465DF8047B704780B483B06D
S31502006C2800AF786039603B685A687B685A607B684F
S31502006C383A681A603B685B687A681A603B687A68E1
S31502006C485A6000BF0C37BD465DF8047B70470000EA
S31502006C5880B582B000AF0E48FFF7D0FF0D4B3B6000
S31502006C680D4B7B600AE07B6800229A607B680849C4
S31502006C781846FFF7D3FF7B681C337B607A683B684C
S31502006C889A42F0D3002318460837BD4680BD00BF96
S31502006C98B4100022B4100022D40F002280B483B0AC
S31502006CA800AF78607B687A681A607B687A685A608F
S31502006CB800BF0C37BD465DF8047B704780B483B0CD
S31502006CC800AF786039603B685A687B685A607B68AF
S31502006CD83A681A603B685B687A681A603B687A6841
S31502006CE85A6000BF0C37BD465DF8047B704780B416
S31502006CF883B000AF78607B681B687A689A4209D0CD
S31502006D087B685B687A6812681A607B681B687A68AF
S31502006D1852685A6000BF0C37BD465DF8047B70475F
S31502006D2880B485B000AF786039607B680C33FB604D
S31502006D387B681B68002B00DA03339B101A463B68F4
S31502006D4893422BDD0023BB6010E0FB6808335B68C7
S31502006D58BB60BA683B689A4208DCBA683B689A42E2
S31502006D6802DAFB681B6824E0FB6822E0FB685B68C2
S31502006D78FB607B680C33FA689A42E6D1BA683B68CC
S31502006D889A4202DBFB681B6813E0FB6811E0FB68AA
S31502006D9808335B681A463B68934208DDFB681B6842
S31502006DA8FB607B680C33FA689A42F0D100E000BFB8
S31502006DB8FB6818461437BD465DF8047B704780B5F4
S31502006DC884B000AF786039603B681A683B6808335C
S31502006DD8D31AFB60F9687868FFF7A2FFB8603B68C8
S31502006DE85B6823F001031A463B685A607B680C33DA
S31502006DF8BA689A4227D0BB6808335B681A46FB68AA
S31502006E08934220D1BB6803F108023B68103312682B
S31502006E181A60BB6808333A6810321A603B68103346
S31502006E28BA6808325A603B6810331B68002B05D0D3
S31502006E383B6810331B683A6810325A603B6808335D
S31502006E4800221A600EE03B680833B9681846FFF755
S31502006E5835FF3B68103300221A603B681033FA6824
S31502006E685A6000BF00BF1037BD4680BD80B582B0EC
S31502006E7800AF78607B681B68002B15D17B6803F12D
S31502006E8808027B6808335B6812681A607B680833F5
S31502006E981B68002B20D07B6803F108027B68083345
S31502006EA81B6852685A6017E07B6808331B68002B18
S31502006EB80FD07B6808331B68083B79681846FFF7CA
S31502006EC8FDFE7B6803F108027B6808331B6852687B
S31502006ED85A607868FFF70BFF00BF0837BD4680BDCA
S31502006EE880B483B000AF786039603B687A685A60CC
S31502006EF87B681A683B681A607B681B685B6803F0E4
S31502006F0801023B681A437B681B685A607B683A68C9
S31502006F181A6000BF0C37BD465DF8047B704780B423
S31502006F2883B000AF78607B685B6823F001031A467A
S31502006F387B681B6813607B681B685B6803F0010249
S31502006F487B685B6823F001031A437B681B685A60F7
S31502006F5800BF0C37BD465DF8047B704780B586B026
S31502006F6800AF78607B68002B01DC002345E07B6874
S31502006F780F2B02D810237B6004E07B68073323F0CB
S31502006F8807037B60FCF726FF38611E4B1B6879688E
S31502006F981846FFF7C5FE78611A4B1B680C337A69E7
S31502006FA89A4202D100237B6123E07869FFF75EFFEC
S31502006FB87B69083BFB607B6908335B681A467B681A
S31502006FC8D31A172B0ED97B680833FA681344BB60A9
S31502006FD8B968F868FFF784FF0A4B1B68B968184650
S31502006FE8FFF7EDFEFB685B6843F001031A46FB6890
S31502006FF85A603869FCF7D2FE7B6918461837BD46CF
S3150200700880BD00BFBC10002280B584B000AF786096
S31502007018FCF7E0FEB8607B68083BFB60FB685B68D0
S3150200702823F001031A46FB685A60FB681B685B6813
S3150200703803F00103002B0AD1FB681B6808331846C4
S31502007048FFF714FFFB681B681846FFF768FFFB6823
S315020070585B685B6803F00103002B0CD1FB685B6875
S31502007068FB60FB6808331846FFF700FFFB681B68DE
S315020070781846FFF754FF064B1B68F9681846FFF7D0
S315020070889EFEB868FCF78AFE00BF1037BD4680BD73
S31502007098BC10002280B500AF064B1B6804331846A5
S315020070A8FFF7FCFD034B1B680C331846FFF7F6FD8A
S315020070B800BF80BDBC10002280B582B000AF2E4B47
S315020070C81B68033323F003031A462B4B1A602A4B19
S315020070D81B682A4A1360284B1B6814331A46264B28
S315020070E81A60254B1B68073323F007031A46224BFF
S315020070F81A60214B1B687B60214B1B681A461E4B84
S315020071081B68D31AA3F110021C4B1B681A601C4B8E
S315020071181B68194A1360FFF7BDFF184B1B681B68EB
S3150200712808337A6813443B60144B1B680433396886
S315020071381846FFF7D5FE114B1B68043379681846C3
S31502007148FFF7CEFE3B685B6843F001031A463B68CD
S315020071585A600A4B1B689B6843F00102074B1B687F
S315020071689A60064B1B6879681846FFF728FE0023C3
S3150200717818460837BD4680BDD02A0022BC10002218
S31502007188D42A002280B483B000AF78607B687A681C
S315020071981A607B687A685A6000BF0C37BD465DF88C
S315020071A8047B704780B483B000AF786039603B686F
S315020071B85A687B685A607B683A681A603B685B68FB
S315020071C87A681A603B687A685A6000BF0C37BD460F
S315020071D85DF8047B704780B483B000AF78607B6843
S315020071E800221A6000BF0C37BD465DF8047B704763
S315020071F880B582B000AF1048FFF7C4FF0F4B3B6063
S315020072080F4B7B600FE07B6800229A607B68303305
S315020072181846FFF7E0FF7B6807491846FFF7C2FFE3
S315020072287B6838337B607A683B689A42EBD30023E3
S3150200723818460837BD4680BD8012002280120022F9
S31502007248C010002280B483B000AF78607B687A6889
S315020072581A607B687A685A6000BF0C37BD465DF8CB
S31502007268047B704780B483B000AF786039603B68AE
S315020072785A687B685A607B683A681A603B685B683A
S315020072887A681A603B687A685A6000BF0C37BD464E
S315020072985DF8047B7047000080B582B000AF0E48E7
S315020072A8FFF7D0FF0D4B3B600D4B7B600AE07B6816
S315020072B800229A607B6808491846FFF7D3FF7B6865
S315020072C834337B607A683B689A42F0D300231846C7
S315020072D80837BD4680BD00BF581300225813002246
S315020072E88812002280B483B000AF78607B687A681F
S315020072F81A607B687A685A6000BF0C37BD465DF82B
S31502007308047B704780B483B000AF786039603B680D
S315020073185A687B685A607B683A681A603B685B6899
S315020073287A681A603B687A685A6000BF0C37BD46AD
S315020073385DF8047B7047000080B582B000AF0E4846
S31502007348FFF7D0FF0D4B3B600D4B7B600AE07B6875
S3150200735800229A607B6808491846FFF7D3FF7B68C4
S3150200736834337B607A683B689A42F0D30023184626
S315020073780837BD4680BD00BF001500220015002251
S315020073886013002280B483B000AF78607B687A68A5
S315020073981A607B687A685A6000BF0C37BD465DF88A
S315020073A8047B704780B483B000AF786039603B686D
S315020073B85A687B685A607B683A681A603B685B68F9
S315020073C87A681A603B687A685A6000BF0C37BD460D
S315020073D85DF8047B7047000080B582B000AF0E48A6
S315020073E8FFF7D0FF0D4B3B600D4B7B600AE07B68D5
S315020073F800229A607B6808491846FFF7D3FF7B6824
S3150200740820337B607A683B689A42F0D30023184699
S315020074180837BD4680BD00BF8815002288150022A0
S315020074280815002280B483B000AF78607B687A685A
S315020074381A607B687A685A6000BF0C37BD465DF8E9
S31502007448047B704780B483B000AF786039603B68CC
S315020074585A687B685A607B683A681A603B685B6858
S315020074687A681A603B687A685A6000BF0C37BD466C
S315020074785DF8047B704780B485B000AF78607B689E
S315020074881B687A689A4201D100230BE07B681B6865
S31502007498FB60FB681A687B681A60FB681B687A6877
S315020074A85A60FB6818461437BD465DF8047B704778
S315020074B880B400AF054B1B68002BCCBF0123002309
S315020074C8DBB21846BD465DF8047B7047C82A00221F
S315020074D880B582B000AF0E48FFF7A4FF0D4B3B60A4
S315020074E80D4B7B600AE07B6800229A607B6808493C
S315020074F81846FFF7A7FF7B681C337B607A683B68F0
S315020075089A42F0D3002318460837BD4680BD00BF0D
S3150200751850170022501700229015002280B588B015
S3150200752800AF78600323BB617B685A68BB69DB439B
S315020075381340002B02D06FF00A0359E07B689B6860
S31502007548002B02DA6FF0100352E07B68DB68002B2F
S3150200755802DC6FF010034BE07B68DA687B689B6895
S315020075689A4202DA6FF0100342E0FCF733FC7861C4
S315020075782148FFF780FF38613B69002B03D16FF082
S315020075882103FB6121E03B691C4A9B1A9B101C4A9A
S3150200759802FB03F30133FB603B691846FFF742FF20
S315020075A83B69FA689A607B681A683B69DA607B68A5
S315020075B85A683B691A617B689A683B695A617B68B3
S315020075C8DA683B699A61FB68FB617B69002B0BD120
S315020075D80C4B1A680C4B1B689A4205D00B4B1B685E
S315020075E8002B01D1FDF778F97869FCF7D7FBFB691F
S315020075F818462037BD4680BD501700229015002236
S31502007608B76DDBB65C1700226017002258170022F6
S3150200761880B586B000AF786000237B617B68002B5B
S3150200762802DD7B68102B02DD6FF0110332E07B6806
S315020076385A1E1346DB009B1A9B00184A13443B61E9
S31502007648FCF7C8FBF8603B699B68002B03D16FF017
S3150200765829037B610BE03B69184601F0F7F93B69A0
S315020076680F491846FFF7EEFE3B6900229A60FB684F
S31502007678002B0BD10B4B1A680B4B1B689A4205D091
S315020076880A4B1B68002B01D1FDF726F9F868FCF7AF
S3150200769885FB7B6918461837BD4680BD90150022C2
S315020076A8501700225C170022601700225817002282
S315020076B880B588B000AF786039600023BB617B680B
S315020076C8002B02DD7B68102B02DD6FF011036AE0E6
S315020076D83B68002B02DC6FF0100364E07B685A1EDD
S315020076E81346DB009B1A9B00314A13447B61FCF765
S315020076F871FB38617B699B68002B03D16FF0290304
S31502007708BB613DE07B699A697B695B69D31A3A6812
S315020077189A4203DD6FF02A03BB6131E07B695A693D
S315020077283B681A447B695A617B691B68FB6121E0E5
S31502007738FB69FB60FB691B68FB617B695A69FB682D
S315020077489B6C9A4206DA7B691B6903F00203002BDB
S315020077580FD115E0F86801F0ECF87B695A69FB6805
S315020077689B6CD21A7B695A617B695B69002B06DDC1
S3150200777800E000BF7B69FA699A42D9D100E000BFEE
S315020077883B69002B0BD10B4B1A680B4B1B689A42B1
S3150200779805D00A4B1B68002B01D1FDF79DF8386905
S315020077A8FCF7FCFABB6918462037BD4680BD00BF08
S315020077B8901500225C170022601700225817002233
S315020077C880B586B000AF786039607B689B6B5A1EBD
S315020077D81346DB009B1A9B00194A13443B613B681C
S315020077E8002B03DB7968386901F082F93B691B696A
S315020077F803F00203002B1DD13B691B687B6114E071
S315020078087B69FB607B691B687B613B695A69FB681C
S315020078189B6C9A4210DBF86801F08BF83B695A694F
S31502007828FB689B6CD21A3B695A613B697A699A4230
S31502007838E6D102E000BF00E000BF1837BD4680BDB2
S315020078489015002280B582B000AF78604FF0FF3104
S315020078587868FFF7B5FF00BF0837BD4680BD000050
S3150200786880B588B000AFF860B9607A6000237B61A2
S31502007878FB68002B02DDFB68102B02DD6FF011039B
S3150200788887E0BB68002B02DC6FF0100381E07B689F
S31502007898B3F1FF3F02DA6FF010037AE03F4B1B6841
S315020078A8002B0DD1FFF704FE0346002B08D13C4BF3
S315020078B81B68002B04D0FCF780FA0346002B02D083
S315020078C86FF0180365E0FB685A1E1346DB009B1A25
S315020078D89B00344A1344FB61FCF77CFAB861FB69E6
S315020078E89B68002B03D16FF029037B613EE0FB699D
S315020078F89B69BA689A4203DD6FF010037B6135E033
S31502007908FB691B6903F00203002B0AD1244B1B688F
S315020079181946F86901F0FEF80246214B1B689A429D
S315020079280BD1FB695B69BA689A4206DCFB695A693C
S31502007938BB68D21AFB695A6118E0FB691B6903F036
S315020079480103002B01D0184A00E0184A144B1B68A1
S315020079585A63134B1B6807F114025A64104B1B68CF
S31502007968BA689A647968F86901F08CF8BB69002BE1
S315020079780BD10B4B1A680E4B1B689A4205D0074B64
S315020079881B68002B01D1FCF7A7FFB869FCF706FABA
S315020079987B6918462037BD4680BD00BF58170022AE
S315020079A85C17002290150022709C0002649C00025B
S315020079B86017002280B483B000AF78607B687A686B
S315020079C81A607B687A685A6000BF0C37BD465DF854
S315020079D8047B704780B483B000AF78607B681B680D
S315020079E87A689A420CBF01230023DBB218460C3789
S315020079F8BD465DF8047B704780B483B000AF7860FB
S31502007A0839603B685A687B685A607B683A681A60CC
S31502007A183B685B687A681A603B687A685A6000BF96
S31502007A280C37BD465DF8047B704780B483B000AF5F
S31502007A3878607B681B687A689A4209D07B685B68BB
S31502007A487A6812681A607B681B687A6852685A6094
S31502007A5800BF0C37BD465DF8047B704780B483B01F
S31502007A6800AF786039600BE001223B689A407B6878
S31502007A781340002B01D03B6806E03B6801333B60AC
S31502007A883B681F2BF0DD202318460C37BD465DF8F0
S31502007A98047B704780B584B000AF78607B6820228B
S31502007AA81A600023FB600AE0FB68DB007A6813446D
S31502007AB804331846FFF77EFFFB680133FB60FB6859
S31502007AC81F2BF1DD7B680022C3F804217B680022A4
S31502007AD8C3F80C217B6803F5847304220021184637
S31502007AE8FDF7C0FF00BF1037BD4680BD80B483B026
S31502007AF800AF78607B68D3F80C31002B03D07B6823
S31502007B08D3F80C3105E07B681B687A68DB001344FE
S31502007B185B6818460C37BD465DF8047B704780B52E
S31502007B2884B000AF786039603B6893F82E30FB600A
S31502007B383868FB68DB007A68134404331946FFF792
S31502007B485BFF7B68D3F808210121FB6801FA03F37E
S31502007B581A437B68C3F808213B6893F8303003F070
S31502007B680203DBB2002B03D07B683A68C3F80C2108
S31502007B787B681B68FA689A4204DA7B68FA681A60B4
S31502007B88012300E0002318461037BD4680BD80B5A4
S31502007B9884B000AF786039603B6893F82E30FB609A
S31502007BA87B68D3F80C313A689A4203D17B68002283
S31502007BB8C3F80C213B681846FFF737FF3B6893F872
S31502007BC8303003F00103DBB2002B07D03A6892F893
S31502007BD8303023F0010382F8303029E0FB68DB00FD
S31502007BE87A68134404331846FFF7F4FE0346002B5B
S31502007BF81BD07B68D3F808210121FB6801FA03F33D
S31502007C08DB431A407B68C3F808217B681B68FA685D
S31502007C189A420CD17B68D3F80831F9681846FFF7FF
S31502007C281DFF02467B681A6002E000BF00E000BF43
S31502007C381037BD4680BD80B485B000AF78607B68DA
S31502007C489B6EFB60FB68443BFB60FB686FF00602B9
S31502007C581A60FB6800229A63FB684FF080721A6406
S31502007C687B685B6923F001031A46FB68DA637B6863
S31502007C78FA689A617B689A6E7B685B6A5B421A4409
S31502007C887B68DA617B689B6EDA1C7B681A627B68A2
S31502007C981B6943F480527B681A6100BF1437BD46DC
S31502007CA85DF8047B7047000080B584B000AF194BBD
S31502007CB800221A60174B1B68174A13601748FFF70A
S31502007CC8E9FE174B00221A601648FFF773FE164B99
S31502007CD8BB600023FB6014E0FB6801337B60BB6872
S31502007CE87A689A60BB68002283F82F20BB680D4920
S31502007CF81846FFF781FEBB687033BB60FB68013329
S31502007D08FB60FB681F2BE7DD002318461037BD46CC
S31502007D1880BD00BF601700225C170022641700228C
S31502007D2858170022742600227418002280B582B0E1
S31502007D3800AF78607B68082283F82F207B6893F867
S31502007D482C207B6883F82D207B6893F82D207B688E
S31502007D5883F82E207B6893F928301A467B685A8561
S31502007D687B680022DA637B6800221A647A6892F8D2
S31502007D78303023F0010382F830307A6892F83030D6
S31502007D8823F0020382F830307B6800225A647B684B
S31502007D980022DA667868FFF74EFF00BF0837BD464D
S31502007DA880BD000080B582B000AF78607B68012292
S31502007DB883F82F2079680648FFF7B1FE0346002BA1
S31502007DC802D0044A7B68136000BF0837BD4680BDEF
S31502007DD8641700226017002280B582B000AF78606F
S31502007DE879680948FFF7D3FE084B1B687A689A42F6
S31502007DF805D10548FFF77AFE0346044A136000BF19
S31502007E080837BD4680BD00BF6417002260170022EE
S31502007E1880B485B000AF78607B681B687A689A423E
S31502007E2801D100230BE07B681B68FB60FB681A68BC
S31502007E387B681A60FB681B687A685A60FB68184692
S31502007E481437BD465DF8047B7047000080B400AF66
S31502007E58054B1B68002BCCBF01230023DBB2184657
S31502007E68BD465DF8047B7047C82A002280B485B0F7
S31502007E7800AF786039607B689B69FB603A68FB688B
S31502007E885A627B68DB681A46FB689A6200BF143737
S31502007E98BD465DF8047B704780B588B000AF786050
S31502007EA841F221333B617B685A683B69DB431340E5
S31502007EB8002B02D06FF00A0390E07B681B69002B47
S31502007EC802DA6FF0100389E07B68DB68002B03DDBA
S31502007ED87B68DB68202B02DD6FF010037EE07B688F
S31502007EE85B6803F02003002B0CD07B681B69FB61DF
S31502007EF8FB697F2B02DC6FF010036FE07B685B691E
S31502007F08BB6115E07B681B698033FB61FB6907333C
S31502007F18002B00DA0733DB10DB00FB61F869FFF799
S31502007F281DF8B861BB69002B02D16FF0200355E03A
S31502007F38FBF750FFF8602B48FFF76AFFB860BB688B
S31502007F48002B03D16FF021037B6128E07B681A6856
S31502007F58BB68DA607B685A68BB681A617B689A688C
S31502007F68BB685A617B68DB68DBB2013BDAB2BB6885
S31502007F7883F82C20BB68FA695A62FB69BA691A4403
S31502007F88BB689A66BB68012283F82820BB6801226F
S31502007F985A85B868FFF7CAFEBB689B687B61FB68AF
S31502007FA8002B0BD1104B1A68104B1B689A4205D04E
S31502007FB80F4B1B68002B01D1FCF78EFCF868FBF708
S31502007FC8EDFE7B69002B08DA7B685B6803F0200309
S31502007FD8002B02D1B869FFF717F87B6918462037D4
S31502007FE8BD4680BD742600225C1700226017002257
S31502007FF85817002280B586B000AF78603960002332
S315020080087B61FFF723FF0346002B09D12F4B1B6821
S31502008018002B05D07B68002B02D16FF0280351E0B4
S315020080287B68002B02DD7B68202B02DD6FF01103D3
S3150200803848E0FFF70BFF0346002B0CD1234B1B68C6
S31502008048002B08D0214B1B689B687A689A4202D19A
S315020080586FF0280336E07B685A1E1346DB009B1A2C
S315020080681B011B4A13443B61FBF7B4FEF8603B69EC
S3150200807893F82F30FB72FB7A082B09D0FB7A002B78
S3150200808802D16FF0290301E06FF028037B6106E055
S3150200809839683869FFF7EAFE3869FFF783FEFB6835
S315020080A8002B0BD1094B1A680A4B1B689A4205D05A
S315020080B8094B1B68002B01D1FCF70EFCF868FBF78D
S315020080C86DFE7B6918461837BD4680BD5C170022CF
S315020080D874180022601700225817002280B400AFD5
S315020080E8064B1B68002B03D0044B1B689B6800E0F9
S315020080F800231846BD465DF8047B70475C170022CC
S3150200810880B483B000AF78607B687A681A607B684F
S315020081187A685A6000BF0C37BD465DF8047B704723
S3150200812880B400AF054B1B68002BCCBF012300238C
S31502008138DBB21846BD465DF8047B7047C82A0022A2
S3150200814880B584B000AF78600023BB607B68B3F16A
S31502008158FF3F02DA6FF0100351E02B4B1B68002B2E
S315020081680DD1FFF7DDFF0346002B08D1274B1B680D
S31502008178002B04D0FBF721FE0346002B02D06FF03A
S3150200818818033CE0FBF726FEF860204B1B68DB6B06
S31502008198002B05DD1D4B1B68DA6B013ADA631BE01F
S315020081A86FF03103BB607B68002B15D0174B1B6839
S315020081B8174A5A63154B1B6800229A63134B1B68AE
S315020081C807F108025A640021786800F0DBFB0F4BBE
S315020081D81B681846FFF794FFFB68002B0BD10B4B65
S315020081E81A680C4B1B689A4205D0074B1B68002B72
S315020081F801D1FCF771FBF868FBF7D0FDBB6818469E
S315020082081037BD4680BD00BF581700225C170022F2
S315020082187C9C00026017002280B584B000AF7860AB
S315020082280023BB607B68002B02DA6FF0100343E081
S31502008238234B1B68002B0DD1FFF772FF0346002B59
S3150200824808D1204B1B68002B04D0FBF7B6FD03466A
S31502008258002B02D06FF018032EE07B68002B2AD081
S31502008268FBF7B8FDF860174B1B68174A5A63154B9C
S315020082781B6800229A63134B1B6807F108025A64AB
S315020082880021786800F0B0FB0E4B1B681846FFF712
S3150200829837FFFB68002B0BD10A4B1A680B4B1B687E
S315020082A89A4205D0064B1B68002B01D1FCF714FB3A
S315020082B8F868FBF773FDBB6818461037BD4680BDE4
S315020082C8581700225C170022889C000260170022B9
S315020082D880B483B000AF78607B687A681A607B687E
S315020082E87A685A6000BF0C37BD465DF8047B704752
S315020082F880B483B000AF786039603B685A687B689F
S315020083085A607B683A681A603B685B687A681A60E2
S315020083183B687A685A6000BF0C37BD465DF8047B35
S315020083287047000080B582B000AF0D48FFF7D0FF56
S315020083380C4B3B600C4B7B6009E07B6800229A6021
S3150200834807497868FFF7D4FF7B6828337B607A6829
S315020083583B689A42F1D3002318460837BD4680BDCA
S315020083681C2700221C2700227C26002280B582B008
S3150200837800AF0D48FFF7ACFF0C4B3B600C4B7B6024
S3150200838809E07B6800229A6007497868FFF7B0FF20
S315020083987B6824337B607A683B689A42F1D3002370
S315020083A818460837BD4680BD4428002244280022C4
S315020083B82427002280B483B000AF786039607B68D6
S315020083C83A681A6000BF0C37BD465DF8047B7047F1
S315020083D880B483B000AF78607B681B6818460C3798
S315020083E8BD465DF8047B704780B483B000AF786001
S315020083F87B687A681A607B687A685A6000BF0C37AD
S31502008408BD465DF8047B704780B483B000AF7860E0
S315020084187B681B687A689A420CBF01230023DBB289
S3150200842818460C37BD465DF8047B704780B483B0A6
S3150200843800AF786039603B685A687B685A607B6827
S315020084483A681A603B685B687A681A603B687A68B9
S315020084585A6000BF0C37BD465DF8047B704780B48E
S3150200846883B000AF78607B681B687A689A4209D045
S315020084787B685B687A6812681A607B681B687A6828
S3150200848852685A6000BF0C37BD465DF8047B7047D8
S3150200849880B483B000AF786039607A683B68D31AD3
S315020084A8DB43DB0FDBB218460C37BD465DF8047BAF
S315020084B87047000080B582B000AFFBF78BFC78608E
S315020084C806210C48FFF776FF0B4B3B6039680B48D1
S315020084D8FFF770FF00210A48FFF76CFF07210548DE
S315020084E8FFF768FF7868FBF759FC00BF0837BD46F7
S315020084F880BD00BF10E000E07F96980014E000E01F
S3150200850818E000E080B500AF0448FFF761FF4FF0BE
S3150200851800710348FFF74EFF00BF80BD10E000E080
S3150200852804ED00E080B400AF00BFBD465DF8047BF1
S315020085387047000080B500AF00210248FFF73AFFF6
S3150200854800BF80BD10E000E080B500AF0A494FF0D9
S3150200855800024FF00003C1E90023074BD3E90023C9
S315020085680649C1E900230648FFF73EFFFFF7A2FFC7
S315020085780023184680BD00BF582800225028002232
S315020085886028002280B500AFFFF7D4FF00BF80BD88
S3150200859880B584B000AF7860134BD3E90023134645
S315020085A803F100430133BB60104B1B68FB600CE010
S315020085B87B689A68BB68D21AFB689968BB68CB1A4B
S315020085C89A4207D3FB681B68FB60FB68074A93421B
S315020085D8EED100E000BF7B68F9681846FFF726FF70
S315020085E800BF1037BD4680BD5028002260280022F1
S315020085F880B584B000AFF860B9607A603B60FB680A
S315020086087A68DA60FB683A681A61BB68B3F1FF3FB9
S3150200861804D1FB681846FFF7E7FE0BE0074BD3E9E0
S315020086280023BB68134403F10A02FB689A60F868E0
S31502008638FFF7AEFF00BF1037BD4680BD50280022A7
S3150200864880B584B000AFF860B9607A603B60FB68B9
S315020086587A68DA60FB683A681A61084BD3E900233C
S31502008668BB68134403F10A02FB689A60F868FFF7CD
S315020086788FFF00BF1037BD4680BD00BF50280022BD
S31502008688B0B584B000AFFFF73DFFFBF7A3FBF86078
S31502008698244BD3E9002312F10A0443F10005214BC6
S315020086A8C3E900451F4BD3E900231346BB6019E013
S315020086B81D4B1B687B607B689B681946B868FFF789
S315020086C8E7FE0346002B14D07B681846FFF7C7FE61
S315020086D87B68DB68002B05D07B68DB687A681269E1
S315020086E8104698471048FFF78FFE0346002BDFD047
S315020086F800E000BFFB68002B0BD10C4B1A680C4B31
S315020087081B689A4205D00B4B1B68002B01D1FCF75C
S31502008718E3F8F868FBF742FBFFF704FF00BF1037E0
S31502008728BD46B0BD50280022602800225C170022F0
S31502008738601700225817002280B582B000AFFFF7F3
S31502008748B3FA78607B68002B01DA7B6848E0FEF7AB
S31502008758BFFE78607B68002B01DA7B6840E0FDF794
S31502008768C5FF78607B68002B01DA7B6838E0FEF784
S315020087786FFA78607B68002B01DA7B6830E0FEF7D7
S31502008788DBFD78607B68002B01DA7B6828E0FEF760
S3150200879823FE78607B68002B01DA7B6820E0FEF70F
S315020087A87BFD78607B68002B01DA7B6818E0FEF7B0
S315020087B81FFD78607B68002B01DA7B6810E0FFF703
S315020087C8B1FD78607B68002B01DA7B6808E0FFF769
S315020087D8CDFD78607B68002B01DA7B6800E0002318
S315020087E818460837BD4680BD80B483B000AF7860AE
S315020087F87B681B687A689A420CBF01230023DBB2A6
S3150200880818460C37BD465DF8047B704780B483B0C2
S3150200881800AF786039603B685A687B685A607B6843
S315020088283A681A603B685B687A681A603B687A68D5
S315020088385A6000BF0C37BD465DF8047B704780B4AA
S3150200884883B000AF78607B681B687A689A4209D061
S315020088587B685B687A6812681A607B681B687A6844
S3150200886852685A6000BF0C37BD465DF8047B7047F4
S3150200887880B582B000AF78607B681846FFF7DFFFE5
S3150200888800BF0837BD4680BD80B588B000AF7860A6
S3150200889839603B68BB61BB697B617B6893F82E30A4
S315020088A8FB742E23FB607B691B68FB6109E0FB688E
S315020088B8FA6913441B78FA7C9A4207D3FB691B6848
S315020088C8FB61FA69BB699A42F1D100E000BF7B6895
S315020088D8F9691846FFF79AFF00BF2037BD4680BDE3
S315020088E880B582B000AF78607B6893F82F30022B90
S315020088F803D17868FFF756FA03E07B68042283F807
S315020089082F2000BF0837BD4680BD80B582B000AFB4
S3150200891878607B6854331846FFF7AAFF7B681846C7
S31502008928FFF78DFF7868FFF7DBFF00BF0837BD4604
S3150200893880BD80B582B000AF78607868FFF7E5FF42
S315020089487B685B6C00221A6000BF0837BD4680BD93
S3150200895880B582B000AF78607B681846FFF76FFF74
S315020089687868FFF7BDFF7B685B6B9B68002B04D0BA
S315020089787B685B6B9B687868984700BF0837BD467B
S3150200898880BD000080B582B000AF78603960144BB4
S315020089981B6893F82F30012B02D0042B0BD010E062
S315020089A80F4B1B681846FFF717FA0D4B1B68022276
S315020089B883F82F2005E00A4B1B68062283F82F202E
S315020089C800BF074B1B6803F15400054B1B68054A99
S315020089D87968FFF70DFE00BF0837BD4680BD00BFA8
S315020089E85C1700225989000280B582B000AF786010
S315020089F83960144B1B6893F82F30012B02D0042BD5
S31502008A080BD010E00F4B1B681846FFF7E5F90D4B24
S31502008A181B68022283F82F2005E00A4B1B680622F0
S31502008A2883F82F2000BF074B1B6803F15400054B40
S31502008A381B68054A7968FFF703FE00BF0837BD467B
S31502008A4880BD00BF5C1700225989000280B584B038
S31502008A5800AF78600AE07B681B68FB60F868FFF77E
S31502008A6854FFFB685B6C6FF032021A607868FFF796
S31502008A78BBFE0346002BEED000BF00BF1037BD4633
S31502008A8880BD000080B582B000AF78603960174BB0
S31502008A981B685B6C6FF031021A603B68002B20D0B2
S31502008AA8124B1B687A6892689A637B681B69194637
S31502008AB83868FFF767FF7B681B6903F00103002B21
S31502008AC807D00A4B1B687A6811461846FFF7DCFE80
S31502008AD807E0064B1B681A467B6819461046FFF7DD
S31502008AE895FE00BF0837BD4680BD00BF5C17002251
S31502008AF880B582B000AF786039603B681846FFF7E8
S31502008B089EFE7B6819463868FFF7BEFE00BF083727
S31502008B18BD4680BD80B584B000AF786039607B6899
S31502008B281846FFF761FE0346002B01D03B6815E0A5
S31502008B387B681B68FB607B681B6903F00103002BDB
S31502008B4801D1FB680AE03B6893F82E20FB6893F88C
S31502008B582E309A4201D23B6800E0FB68184610376D
S31502008B68BD4680BD80B582B000AFFBF733F9FCF78E
S31502008B78B0F9FEF7A1FA78607B68002B03DA25487C
S31502008B88FCF7D2F944E0FCF727F978607B68002BFA
S31502008B9803DA2148FCF7C8F93AE0FBF7EDFF7860FB
S31502008BA87B68002B03DA1D48FCF7BEF930E0FFF7B5
S31502008BB8C3FD78607B68002B03DA1948FCF7B4F921
S31502008BC824E0FFF7C1FC78607B68002B03DA1548BE
S31502008BD8FCF7AAF91AE01448FFF75EF978607B6891
S31502008BE8002B0EDB00217868FFF704FA78607B68B1
S31502008BF8002B02DBFBF758FE06E00C48FCF794F95B
S31502008C0802E00B48FCF790F9FFF7BCFCFCF721F9E8
S31502008C1800BFFDE7949C0002AC9C0002C49C0002C3
S31502008C28E09C0002049D00026C9D0002249D000245
S31502008C38489D000280B500AFFFF7A4FCFCF709F9CE
S31502008C4800BFFDE780B582B000AFFDF79DF97860F9
S31502008C587B68002B01DA7B6803E0FCF7C5F87860CD
S31502008C687B6818460837BD4680BD000080B582B0CD
S31502008C7800AF7860FCF7DEF87B68002B02DB07485A
S31502008C88FCF752F97B68002B02DA7868FCF7E8F8F9
S31502008C98FFF7D0FF00BF0837BD4680BD849D00029E
S31502008CA880B582B000AF01237B60FFF7CBFF386047
S31502008CB83B68002B0BDB002203210A48FCF7D4FC95
S31502008CC87B68002B06DD00F0BDF9786002E00648F5
S31502008CD8FCF72AF97868FFF7C9FF00BF0837BD46CF
S31502008CE880BD00BF9C9D0002C09D000280B586B073
S31502008CF800AFF860B9607A607B681B6B002B01D104
S31502008D08002311E07B6804331846FCF7F3FC7B6802
S31502008D181B6B7A68B968F868984778617B68043388
S31502008D281846FCF7FDFC7B6918461837BD4680BD18
S31502008D3880B586B000AFF860B9607A607B685B6B15
S31502008D48002B01D1002311E07B6804331846FCF797
S31502008D58D1FC7B685B6B7A68B968F8689847786172
S31502008D687B6804331846FCF7DBFC7B691846183720
S31502008D78BD4680BD80B586B000AFF860B9607A603E
S31502008D88FB681B7B03F00F03DBB2012B02D17B6866
S31502008D989B6B01E07B68DB6B7B617B69002B02D1F5
S31502008DA86FF008031DE0FB681B69002B06DB7B6876
S31502008DB8DB6A002B02DC6FF0080312E07B680433DF
S31502008DC81846FCF797FC7B697968F8689847386112
S31502008DD87B6804331846FCF7A3FCFB683A691A62F7
S31502008DE8002318461837BD4680BD80B485B000AF4B
S31502008DF8F860B9607A603B60002318461437BD46AE
S31502008E085DF8047B704780B485B000AFF860B9603E
S31502008E187A603B60002318461437BD465DF8047B2A
S31502008E28704780B586B000AFF860B9607A607B6833
S31502008E381B6C002B01D1002311E07B680433184612
S31502008E48FCF758FC7B681B6C7A68B968F86898471F
S31502008E5878617B6804331846FCF762FC7B6918461E
S31502008E681837BD4680BD0000B0B592B000AFF860B5
S31502008E78B9607A604420FCF7DDFD38643B6C002B50
S31502008E8803D16FF020037B6454E03B6CFA6803F16C
S31502008E98100415460FCD0FC40FCD0FC40FCD0FC446
S31502008EA82B6823603B6C1A1DFB680433194610466F
S31502008EB8FCF74AFC78647B6C002B37DB3B6C7B61E6
S31502008EC8FB681B69BB61FB685B69FB61FB689B69A5
S31502008ED83B62FB68DB697B62194BBB62194BFB621F
S31502008EE8194B3B63194B7B63194BBB63194BFB63EA
S31502008EF83B6C143307F11401BA681846FCF75AFF9B
S31502008F0878647B6C002B0ADB3B6C7A6C1A607B6894
S31502008F18002B02D07B683A6C1A6000230BE000BF74
S31502008F283B6C04331846FCF74DFC00E000BF386C76
S31502008F38FCF78DFD7B6C18464837BD46B0BD00BFB1
S31502008F48F58C0002398D00027D8D0002F38D000238
S31502008F580F8E00022B8E000280B483B000AF7860B9
S31502008F680B467B807B687A881A8000BF0C37BD4621
S31502008F785DF8047B704780B483B000AF78607B6885
S31502008F881B889BB218460C37BD465DF8047B7047B2
S31502008F9880B582B000AF786039600A48FCF764FB96
S31502008FA80948FFF7E8FF034683F001039BB2194617
S31502008FB80548FFF7D1FF4FF4FA70FFF72DF900BF06
S31502008FC8EBE700BFDC9D0002C200404080B582B0DC
S31502008FD800AF786039600A48FCF746FB0948FFF794
S31502008FE8CAFF034683F008039BB219460548FFF7F2
S31502008FF8B3FF4FF42F70FFF70FF900BFEBE700BF7F
S31502009008E49D00026200404080B582B000AF7860FD
S3150200901839600A48FCF728FB0948FFF7ACFF034604
S3150200902883F080039BB219460548FFF795FF4FF474
S315020090387A70FFF7F1F800BFEBE700BFEC9D00027C
S315020090484201404080B500AF2748FBF76DFF27482D
S31502009058FFF791FF034623F001039BB21946234803
S31502009068FFF77AFF2248FFF786FF034623F0080335
S315020090789BB219461E48FFF76FFF1E48FFF77BFF94
S31502009088034623F080039BB219461A48FFF764FF8A
S315020090981948FEF701FF0346184A1360174B1B6867
S315020090A800211846FEF7A6FF1548FEF7F5FE034609
S315020090B8144A1360134B1B6800211846FEF79AFFE1
S315020090C81148FEF7E9FE0346104A13600F4B1B6868
S315020090D800211846FEF78EFF4FF0FF30FFF730F8F3
S315020090E80023184680BD00BFF49D0002C20040401E
S315020090F8620040404201404018000022E82A00224D
S3150200910830000022EC2A002248000022F02A00221F
S3150200911802440346934200D1704703F8011BF9E75C
S315020091280A44431E914200D1704710B511F8014B0B
S31502009138914203F8014FF9D110BD00000101041054
S315020091481100000001000000A086010000000000D6
S3150200915801070E0F101100000000000000000000B9
S315020091680000000000000000449100020100000017
S3150200917801010000000000000000000000001200CB
S3150200918803000000010300000000000000000000C8
S3150200919800001200040000000104000000000000A4
S315020091A8000000000000120007000000010700008E
S315020091B80000000000000000000012007491000286
S315020091C8889100029C910002B091000200000104FD
S315020091D8010000000000000000000000000000007E
S315020091E801000000C4910002D491000201000000AF
S315020091F8F091000207070C0C0C0C0C0C0C0CFFFF70
S31502009208FFFFFF0C0C0C07FFFFFFFFFFFFFFFFFF2F
S315020092180506010208090A0B0C0DDFDFDFDFDF0096
S31502009228030407DFDFDFDFDFDFDFDFDF0000010048
S31502009238000001000000010000000100000000001B
S31502009248010101010101010100000000640003009F
S3150200925800000000000000000000000000000000FE
S3150200926800000000000000000000000000000000EE
S3150200927800000000000000000000000000000000DE
S3150200928800000000000000000000000000000000CE
S315020092985F0005005F000500FC9100025F005F00A9
S315020092A85F005F005F005F005F005F005F005F00B6
S315020092B85F005F005F005F005F005F000000000064
S315020092C85F0005005F0005000505000000000000BC
S315020092D8000000000000000000000000000000007E
S315020092E8000000000000000000000000004000002E
S315020092F8004000000040000000400000004000005E
S31502009308004000000040000000400000000000008D
S31502009318000000000000000000000000000000003D
S31502009328000000000000000000000000000000002D
S31502009338FCFF00000000DFDF00FFFF000000000066
S315020093480000000034920002004000000000000005
S3150200935800800000010000000080000003000000F9
S315020093680080000004000000004000000600000023
S31502009378008000000700000000400000080000000E
S315020093880040000009000000004000000C00000038
S31502009398450000000D000000000000000E0000005D
S315020093A8000000000F000000000C011C0001000074
S315020093B8000C011C01010000000C011C0201000046
S315020093C8000C011C03010000000C011C0401000032
S315020093D8000C011C05010000000C011C060100001E
S315020093E800400000070100004504000009010000D2
S315020093F8104000000B010000000C010B0C010000DC
S31502009408000C010B0D010000000C010B0E010000FF
S31502009418000C010B0F0100000040000000020000D2
S31502009428000C011806020000000C011907020000D0
S31502009438000C010008020000000C010009020000ED
S31502009448000C01000A020000000C01000B020000D9
S31502009458000C010B00030000000C010B01030000C5
S31502009468000C010B02030000040C000003030000B9
S31502009478000C011804030000000C01180503000083
S31502009488000C011806030000000C0118070300006F
S31502009498000C011809030000000C01180A03000059
S315020094A800000000000400000000000001040000A3
S315020094B80000011202040000000001120304000069
S315020094C80000011204040000000401120504000051
S315020094D80004011206040000000401130704000038
S315020094E800040114080400000004011F0B04000014
S315020094F8000401180E040000000401180F040000FD
S315020095080000011300050000000C0103010500001C
S315020095180004011B02050000000C010B03050000F4
S31502009528000C010B04050000000C010B05050000E8
S31502009538000C010B06050000000C010B07050000D4
S31502009548000C010B08050000000C010B09050000C0
S31502009558000C010B0A050000000401070B050000B8
S31502009568400401070C050000000C01190D05000056
S31502009578040400000E050000000C01190F05000086
S31502009588040C0000000600000404000006060000A1
S31502009598000C010B07060000000C010B0806000070
S315020095A8000C010B09060000000C010B0A0600005C
S315020095B8000C010B0B060000000C010B0C06000048
S315020095C8000C010B0D060000000C010B0E06000034
S315020095D8000C010B0F060000000C0119070700001A
S315020095E8050400000807000004040000090700003B
S315020095F8000C01190A070000000C01190B070000EC
S31502009608000C01190C070000000C01190D070000D7
S31502009618000C01190E070000000C01190F070000C3
S31502009628000C011C00080000000C011C01080000C7
S31502009638000C011C02080000000C011C03080000B3
S31502009648000C011C04080000000C011905080000A2
S31502009658000C011906080000000C01190708000091
S31502009668000C011C080800000004011B0C0800007D
S31502009678000C010B0D080000000C01130E08000077
S31502009688000C01130F080000000C01190209000062
S31502009698000C011903090000000C01190409000055
S315020096A8000C011805090000000C01180609000043
S315020096B8000C011807090000000C0118080900002F
S315020096C8000C011809090000000C01190A0900001A
S315020096D8000C01190B090000000C01190C09000005
S315020096E8000C01190D090000000C01190E090000F1
S315020096F8000C01190F090000000C010B000A0000FA
S31502009708000C010B010A0000000C010B020A000002
S31502009718000C010B030A0000000C010B040A0000EE
S31502009728000C010B050A0000000C010B060A0000DA
S31502009738040C0000070A0000000C010B080A0000CE
S31502009748000C010B090A0000000C010B0A0A0000B2
S31502009758000C010B0B0A0000000C010B0C0A00009E
S31502009768000C010B0D0A0000000C010B0E0A00008A
S31502009778000C010B0F0A0000000C0119000B000077
S31502009788000C0119010B0000000C0119020B000064
S31502009798000C0119030B0000000C0119040B000050
S315020097A8000C0119050B0000000C0119060B00003C
S315020097B8000C0119070B0000000C010B000C00003D
S315020097C8000C010B010C0000000C010B020C00003E
S315020097D8000C010B030C0000000C010B040C00002A
S315020097E8000C010B050C0000000C010B060C000016
S315020097F8000C010B070C0000000C010B080C000002
S31502009808000C010B090C0000000C010B0A0C0000ED
S31502009818000C010B0B0C0000000C010B0C0C0000D9
S31502009828000C010B0D0C0000000C010B0E0C0000C5
S31502009838000C010B0F0C0000000C010B000D0000C0
S31502009848000C0104020D0000000C0104030D0000C7
S3150200985800040114070D0000A20000005093000244
S31502009868000000004B0363036B0364036C03660387
S315020098786E034D034C0356035703580359035A0301
S31502009888A100A200A300A400020403040404000029
S3150200989800000068000000680001000D0000006872
S315020098A8000000680001000D000000800000008032
S315020098B80001000800000080000000800001000886
S315020098C800000070000000700001000A000000702D
S315020098D8000000700001000A0000000000000000FD
S315020098E8010000050000002000000020010000041D
S315020098F8600000226000002200000003682800229F
S31502009908F42A002200000003000000680000006834
S31502009918000000900001090D0000006800000068C0
S315020099280000007800010B0D0000006800000068C6
S31502009938000000270001020D000000680000006810
S31502009948880000020001010D00000080000000806E
S315020099580000009000010908000000800000008055
S315020099680000007800010B0800000080000000805B
S3150200997800000027000102080000008000000080A5
S315020099888800000200010108000000700000007053
S31502009998000000900001090A000000700000007033
S315020099A80000007800010B0A000000700000007039
S315020099B8000000270001020A000000700000007083
S315020099C8880000020001010A0000000000000000F1
S315020099D800000090010109050000000000000000D7
S315020099E80000007801010B050000000000000000DD
S315020099F80000002701000205000000000000000028
S31502009A088800000201000105000000200000002075
S31502009A180000009001010904000000200000002057
S31502009A280000007801010B0400000020000000205D
S31502009A3800000027010002040000002000000020A8
S31502009A488800000201000104000000220000002232
S31502009A580000009000010903000000220000002215
S31502009A680000007800010B0300000022000000221B
S31502009A780000002700000203000000226000002206
S31502009A888800000200000103000000680000006868
S31502009A9800000080000000800000007000000070D6
S31502009AA860000022600000220A0000009898000266
S31502009AB8180000001099000204000000909A0002A3
S31502009AC801000200080010002000000068696963AE
S31502009AD80000000068616468620000004E4D490A91
S31502009AE8000000002A2A2A204861726420666175ED
S31502009AF86C74202A2A2A202063747874736B3A2598
S31502009B08642020484653523A257820204346535229
S31502009B183A25780A000000002A2A2A204861726437
S31502009B28206661756C74202A2A2A20206374787448
S31502009B38736B3A25642020484653523A257825788D
S31502009B480A0000004D5055204661756C740A0000E3
S31502009B58427573204661756C740A00005573616715
S31502009B6865204661756C740A00000000535643610D
S31502009B786C6C0A004465627567204D6F6E69746F76
S31502009B88720A0000556E646566696E6520457863DB
S31502009B98657074696F20494350523A2000000000EC
S31502009BA8257820000A0000000A3C3C2053595354E9
S31502009BB8454D20524553455420262052455354417B
S31502009BC85254203E3E0A00000A3C3C205359535444
S31502009BD8454D204641535420524553544152542030
S31502009BE83E3E0A000A3C3C2053595354454D2052E6
S31502009BF8455354415254203E3E0A000D20000000AF
S31502009C08300000005800000078000000303132337E
S31502009C1834353637383961626364656630313233D2
S31502009C28343536373839414243444546464C4F4324
S31502009C38000000004D4C4F4300000000444D4C6BA1
S31502009C4800000000080000000000000000000000FC
S31502009C5808000000456A0002000000000400000037
S31502009C68000000004D78000204000000C9770002D7
S31502009C784D7800020100000000000000000000000C
S31502009C8802000000000000000000000021455252B8
S31502009C984F522120696E69745F496D616C6C6F63FE
S31502009CA80A000000214552524F522120696E6974FA
S31502009CB85F6465766963650A0000000021455252B1
S31502009CC84F522120696E69745F696E697469616CA5
S31502009CD8697A650A00000000214552524F52212036
S31502009CE86B65726E656C206F626A65637420696E55
S31502009CF8697469616C697A650A00000021455252E5
S31502009D084F52212053797374656D2074696D65729B
S31502009D1820737461727475700A00000021455252EC
S31502009D284F522120496E697469616C205461736BC4
S31502009D382063616E206E6F742073746172740A00F8
S31502009D48214552524F522120496E697469616C202D
S31502009D585461736B2063616E206E6F742063726543
S31502009D6861740A000000000001000000A98C0002CC
S31502009D780100000000040000000000000A3C3C202C
S31502009D8853595354454D2053485554444F574E2022
S31502009D983E3E0A000A0A6D6963726F542D4B65725C
S31502009DA86E656C2056657273696F6E2025782E254E
S31502009DB83032780A0A000000214552524F522120B9
S31502009DC8496E6974205461736B2073746172740AE4
S31502009DD8000000007461736B20310A007461736BB2
S31502009DE820320A007461736B20330A00537461725D
S31502009DF87420557365722D6D61696E2070726F6776
S31502009E0872616D2E0A00000000000606362E362EF6
S31502009E18300000004275696C7420776974682052B4
S31502009E28656E6573617320416476616E636564204D
S31502009E38466C657869626C6520536F6674776172E1
S31502009E4865205061636B6167652076657273696F19
S30D02009E586E20362E362E300074
S30902009E60F8B500BF8A
S30902009E64F8B500BF86
S30902009E685501000296
S30902009E6C2D010002BA
S30902C9F040FFFFFFFFFF
S30902C9F044EFFFFFFF0B
S30902C9F0C0FFFFFFFD81
S30902C9F0C4FFFFFFFF7B
S30902C9F120000000001A
S30902C9F1240000000016
S705020035F5CE
